"","xgboost","cubist","deepLearning","rf","LSTM","avg","median","real_peak"
"1",2017-01-01 12:00:00,2017-01-01 13:00:00,2017-01-01 14:00:00,2017-01-01 12:00:00,2017-01-01 14:00:00,2017-01-01 12:00:00,2017-01-01 14:40:00,2017-01-01 11:55:00
"2",2017-01-02 07:00:00,2017-01-02 07:00:00,2017-01-02 12:45:00,2017-01-02 07:10:00,2017-01-02 14:55:00,2017-01-02 07:00:00,2017-01-02 15:40:00,2017-01-02 14:30:00
"3",2017-01-03 16:00:00,2017-01-03 14:05:00,2017-01-03 11:50:00,2017-01-03 13:00:00,2017-01-03 13:55:00,2017-01-03 16:00:00,2017-01-03 15:40:00,2017-01-03 14:30:00
"4",2017-01-04 14:05:00,2017-01-04 14:35:00,2017-01-04 08:00:00,2017-01-04 14:35:00,2017-01-04 14:45:00,2017-01-04 14:05:00,2017-01-04 15:40:00,2017-01-04 14:50:00
"5",2017-01-05 15:00:00,2017-01-05 13:55:00,2017-01-05 14:55:00,2017-01-05 15:00:00,2017-01-05 15:05:00,2017-01-05 15:00:00,2017-01-05 15:40:00,2017-01-05 14:55:00
"6",2017-01-06 16:00:00,2017-01-06 15:00:00,2017-01-06 14:15:00,2017-01-06 14:10:00,2017-01-06 15:00:00,2017-01-06 16:00:00,2017-01-06 15:40:00,2017-01-06 13:00:00
"7",2017-01-07 12:35:00,2017-01-07 14:05:00,2017-01-07 13:55:00,2017-01-07 13:00:00,2017-01-07 15:05:00,2017-01-07 12:35:00,2017-01-07 15:40:00,2017-01-07 12:55:00
"8",2017-01-08 06:55:00,2017-01-08 12:55:00,2017-01-08 06:55:00,2017-01-08 06:55:00,2017-01-08 16:00:00,2017-01-08 06:55:00,2017-01-08 14:55:00,2017-01-08 12:45:00
"9",2017-01-09 12:40:00,2017-01-09 16:00:00,2017-01-09 14:25:00,2017-01-09 12:55:00,2017-01-09 15:05:00,2017-01-09 12:40:00,2017-01-09 15:40:00,2017-01-09 14:25:00
"10",2017-01-10 12:35:00,2017-01-10 12:55:00,2017-01-10 06:55:00,2017-01-10 13:10:00,2017-01-10 14:55:00,2017-01-10 12:35:00,2017-01-10 15:40:00,2017-01-10 14:25:00
"11",2017-01-11 12:40:00,2017-01-11 13:55:00,2017-01-11 15:55:00,2017-01-11 15:00:00,2017-01-11 14:55:00,2017-01-11 12:40:00,2017-01-11 15:40:00,2017-01-11 15:20:00
"12",2017-01-12 15:10:00,2017-01-12 16:00:00,2017-01-12 13:55:00,2017-01-12 14:00:00,2017-01-12 15:05:00,2017-01-12 15:10:00,2017-01-12 15:40:00,2017-01-12 15:05:00
"13",2017-01-13 12:40:00,2017-01-13 13:35:00,2017-01-13 11:55:00,2017-01-13 13:10:00,2017-01-13 13:50:00,2017-01-13 12:40:00,2017-01-13 15:40:00,2017-01-13 13:05:00
"14",2017-01-14 12:50:00,2017-01-14 12:55:00,2017-01-14 12:30:00,2017-01-14 12:50:00,2017-01-14 15:05:00,2017-01-14 12:50:00,2017-01-14 15:40:00,2017-01-14 13:10:00
"15",2017-01-15 16:00:00,2017-01-15 16:00:00,2017-01-15 14:55:00,2017-01-15 15:00:00,2017-01-15 16:00:00,2017-01-15 16:00:00,2017-01-15 15:40:00,2017-01-15 13:05:00
"16",2017-01-16 14:05:00,2017-01-16 15:00:00,2017-01-16 13:45:00,2017-01-16 14:00:00,2017-01-16 15:00:00,2017-01-16 14:05:00,2017-01-16 15:40:00,2017-01-16 15:40:00
"17",2017-01-17 11:55:00,2017-01-17 17:00:00,2017-01-17 14:00:00,2017-01-17 13:50:00,2017-01-17 15:05:00,2017-01-17 11:55:00,2017-01-17 15:40:00,2017-01-17 14:35:00
"18",2017-01-18 13:05:00,2017-01-18 15:00:00,2017-01-18 06:55:00,2017-01-18 15:00:00,2017-01-18 15:05:00,2017-01-18 13:05:00,2017-01-18 15:40:00,2017-01-18 15:10:00
"19",2017-01-19 18:00:00,2017-01-19 15:00:00,2017-01-19 10:50:00,2017-01-19 13:55:00,2017-01-19 15:40:00,2017-01-19 18:00:00,2017-01-19 14:55:00,2017-01-19 14:20:00
"20",2017-01-20 14:25:00,2017-01-20 14:45:00,2017-01-20 15:40:00,2017-01-20 13:20:00,2017-01-20 15:40:00,2017-01-20 14:25:00,2017-01-20 15:40:00,2017-01-20 13:40:00
"21",2017-01-21 13:30:00,2017-01-21 14:55:00,2017-01-21 12:55:00,2017-01-21 14:20:00,2017-01-21 14:55:00,2017-01-21 13:30:00,2017-01-21 15:40:00,2017-01-21 13:05:00
"22",2017-01-22 12:55:00,2017-01-22 14:40:00,2017-01-22 11:55:00,2017-01-22 14:35:00,2017-01-22 15:05:00,2017-01-22 12:55:00,2017-01-22 15:40:00,2017-01-22 13:05:00
"23",2017-01-23 14:05:00,2017-01-23 14:00:00,2017-01-23 18:00:00,2017-01-23 14:00:00,2017-01-23 14:45:00,2017-01-23 14:05:00,2017-01-23 15:40:00,2017-01-23 15:00:00
"24",2017-01-24 06:55:00,2017-01-24 07:00:00,2017-01-24 15:55:00,2017-01-24 12:55:00,2017-01-24 15:05:00,2017-01-24 06:55:00,2017-01-24 14:55:00,2017-01-24 14:25:00
"25",2017-01-25 14:05:00,2017-01-25 14:55:00,2017-01-25 14:10:00,2017-01-25 14:05:00,2017-01-25 14:55:00,2017-01-25 14:05:00,2017-01-25 15:40:00,2017-01-25 14:30:00
"26",2017-01-26 15:00:00,2017-01-26 13:55:00,2017-01-26 16:05:00,2017-01-26 15:00:00,2017-01-26 15:40:00,2017-01-26 15:00:00,2017-01-26 15:40:00,2017-01-26 14:55:00
"27",2017-01-27 12:55:00,2017-01-27 14:25:00,2017-01-27 14:55:00,2017-01-27 14:00:00,2017-01-27 14:55:00,2017-01-27 12:55:00,2017-01-27 15:40:00,2017-01-27 15:10:00
"28",2017-01-28 13:00:00,2017-01-28 15:30:00,2017-01-28 15:55:00,2017-01-28 13:10:00,2017-01-28 15:40:00,2017-01-28 13:00:00,2017-01-28 15:40:00,2017-01-28 13:15:00
"29",2017-01-29 14:00:00,2017-01-29 15:00:00,2017-01-29 14:50:00,2017-01-29 13:00:00,2017-01-29 15:05:00,2017-01-29 14:00:00,2017-01-29 15:40:00,2017-01-29 14:30:00
"30",2017-01-30 11:45:00,2017-01-30 12:25:00,2017-01-30 06:55:00,2017-01-30 12:55:00,2017-01-30 14:55:00,2017-01-30 11:45:00,2017-01-30 15:40:00,2017-01-30 13:55:00
"31",2017-01-31 14:30:00,2017-01-31 13:55:00,2017-01-31 15:25:00,2017-01-31 12:55:00,2017-01-31 14:55:00,2017-01-31 14:30:00,2017-01-31 15:40:00,2017-01-31 15:20:00
"32",2017-02-01 13:25:00,2017-02-01 14:00:00,2017-02-01 14:20:00,2017-02-01 13:00:00,2017-02-01 14:00:00,2017-02-01 13:25:00,2017-02-01 14:40:00,2017-02-01 13:45:00
"33",2017-02-02 15:00:00,2017-02-02 15:00:00,2017-02-02 08:10:00,2017-02-02 14:35:00,2017-02-02 15:00:00,2017-02-02 15:00:00,2017-02-02 15:40:00,2017-02-02 15:25:00
"34",2017-02-03 15:05:00,2017-02-03 15:00:00,2017-02-03 16:00:00,2017-02-03 16:00:00,2017-02-03 15:05:00,2017-02-03 15:05:00,2017-02-03 15:40:00,2017-02-03 13:35:00
"35",2017-02-04 12:55:00,2017-02-04 15:00:00,2017-02-04 06:55:00,2017-02-04 12:55:00,2017-02-04 15:05:00,2017-02-04 12:55:00,2017-02-04 14:55:00,2017-02-04 13:30:00
"36",2017-02-05 14:20:00,2017-02-05 15:00:00,2017-02-05 14:00:00,2017-02-05 14:05:00,2017-02-05 14:55:00,2017-02-05 14:20:00,2017-02-05 15:40:00,2017-02-05 13:30:00
"37",2017-02-06 15:00:00,2017-02-06 14:45:00,2017-02-06 16:15:00,2017-02-06 13:55:00,2017-02-06 15:00:00,2017-02-06 15:00:00,2017-02-06 14:55:00,2017-02-06 15:00:00
"38",2017-02-07 14:10:00,2017-02-07 15:25:00,2017-02-07 15:25:00,2017-02-07 15:00:00,2017-02-07 15:40:00,2017-02-07 14:10:00,2017-02-07 15:40:00,2017-02-07 15:00:00
"39",2017-02-08 13:55:00,2017-02-08 14:35:00,2017-02-08 15:00:00,2017-02-08 14:40:00,2017-02-08 15:05:00,2017-02-08 13:55:00,2017-02-08 15:40:00,2017-02-08 15:05:00
"40",2017-02-09 16:00:00,2017-02-09 15:05:00,2017-02-09 14:55:00,2017-02-09 14:20:00,2017-02-09 14:55:00,2017-02-09 16:00:00,2017-02-09 15:40:00,2017-02-09 14:30:00
"41",2017-02-10 13:00:00,2017-02-10 12:40:00,2017-02-10 06:55:00,2017-02-10 15:00:00,2017-02-10 15:05:00,2017-02-10 13:00:00,2017-02-10 15:40:00,2017-02-10 14:10:00
"42",2017-02-11 14:00:00,2017-02-11 15:20:00,2017-02-11 12:45:00,2017-02-11 13:15:00,2017-02-11 14:55:00,2017-02-11 14:00:00,2017-02-11 14:55:00,2017-02-11 13:40:00
"43",2017-02-12 13:30:00,2017-02-12 13:55:00,2017-02-12 13:55:00,2017-02-12 12:55:00,2017-02-12 15:00:00,2017-02-12 13:30:00,2017-02-12 15:40:00,2017-02-12 13:45:00
"44",2017-02-13 14:25:00,2017-02-13 16:00:00,2017-02-13 15:40:00,2017-02-13 14:25:00,2017-02-13 15:30:00,2017-02-13 14:25:00,2017-02-13 15:40:00,2017-02-13 14:55:00
"45",2017-02-14 13:35:00,2017-02-14 15:00:00,2017-02-14 14:55:00,2017-02-14 13:55:00,2017-02-14 15:05:00,2017-02-14 13:35:00,2017-02-14 15:40:00,2017-02-14 14:10:00
"46",2017-02-15 14:20:00,2017-02-15 15:00:00,2017-02-15 16:35:00,2017-02-15 16:00:00,2017-02-15 15:40:00,2017-02-15 14:20:00,2017-02-15 15:40:00,2017-02-15 15:35:00
"47",2017-02-16 15:00:00,2017-02-16 15:00:00,2017-02-16 07:00:00,2017-02-16 14:20:00,2017-02-16 15:00:00,2017-02-16 15:00:00,2017-02-16 15:40:00,2017-02-16 14:25:00
"48",2017-02-17 13:35:00,2017-02-17 14:35:00,2017-02-17 13:00:00,2017-02-17 14:10:00,2017-02-17 13:55:00,2017-02-17 13:35:00,2017-02-17 15:40:00,2017-02-17 15:15:00
"49",2017-02-18 13:50:00,2017-02-18 13:35:00,2017-02-18 12:50:00,2017-02-18 14:15:00,2017-02-18 14:20:00,2017-02-18 13:50:00,2017-02-18 15:40:00,2017-02-18 14:15:00
"50",2017-02-19 14:00:00,2017-02-19 14:45:00,2017-02-19 14:25:00,2017-02-19 15:00:00,2017-02-19 14:45:00,2017-02-19 14:00:00,2017-02-19 15:40:00,2017-02-19 13:50:00
"51",2017-02-20 15:00:00,2017-02-20 13:20:00,2017-02-20 13:55:00,2017-02-20 14:00:00,2017-02-20 15:00:00,2017-02-20 15:00:00,2017-02-20 15:40:00,2017-02-20 14:20:00
"52",2017-02-21 15:05:00,2017-02-21 15:00:00,2017-02-21 07:00:00,2017-02-21 16:00:00,2017-02-21 15:05:00,2017-02-21 15:05:00,2017-02-21 15:40:00,2017-02-21 15:35:00
"53",2017-02-22 14:35:00,2017-02-22 16:00:00,2017-02-22 15:05:00,2017-02-22 14:35:00,2017-02-22 14:55:00,2017-02-22 14:35:00,2017-02-22 15:40:00,2017-02-22 14:15:00
"54",2017-02-23 16:00:00,2017-02-23 15:05:00,2017-02-23 15:25:00,2017-02-23 15:00:00,2017-02-23 15:40:00,2017-02-23 16:00:00,2017-02-23 15:40:00,2017-02-23 15:40:00
"55",2017-02-24 15:00:00,2017-02-24 13:25:00,2017-02-24 15:25:00,2017-02-24 15:00:00,2017-02-24 15:40:00,2017-02-24 15:00:00,2017-02-24 15:40:00,2017-02-24 15:15:00
"56",2017-02-25 16:00:00,2017-02-25 15:00:00,2017-02-25 13:15:00,2017-02-25 16:00:00,2017-02-25 15:00:00,2017-02-25 16:00:00,2017-02-25 15:40:00,2017-02-25 14:10:00
"57",2017-02-26 14:00:00,2017-02-26 08:25:00,2017-02-26 14:05:00,2017-02-26 16:00:00,2017-02-26 15:00:00,2017-02-26 14:00:00,2017-02-26 15:40:00,2017-02-26 14:10:00
"58",2017-02-27 14:05:00,2017-02-27 13:25:00,2017-02-27 12:55:00,2017-02-27 14:15:00,2017-02-27 15:05:00,2017-02-27 14:05:00,2017-02-27 15:40:00,2017-02-27 14:45:00
"59",2017-02-28 15:10:00,2017-02-28 14:40:00,2017-02-28 14:35:00,2017-02-28 14:20:00,2017-02-28 15:05:00,2017-02-28 15:10:00,2017-02-28 15:40:00,2017-02-28 14:45:00
"60",2017-03-01 14:00:00,2017-03-01 06:55:00,2017-03-01 15:55:00,2017-03-01 14:00:00,2017-03-01 15:05:00,2017-03-01 14:00:00,2017-03-01 14:40:00,2017-03-01 13:30:00
"61",2017-03-02 15:00:00,2017-03-02 17:00:00,2017-03-02 15:25:00,2017-03-02 16:00:00,2017-03-02 15:00:00,2017-03-02 15:00:00,2017-03-02 15:40:00,2017-03-02 15:35:00
"62",2017-03-03 16:00:00,2017-03-03 14:50:00,2017-03-03 14:55:00,2017-03-03 16:00:00,2017-03-03 15:40:00,2017-03-03 16:00:00,2017-03-03 15:40:00,2017-03-03 15:20:00
"63",2017-03-04 15:00:00,2017-03-04 12:55:00,2017-03-04 14:20:00,2017-03-04 14:20:00,2017-03-04 14:45:00,2017-03-04 15:00:00,2017-03-04 15:40:00,2017-03-04 14:15:00
"64",2017-03-05 12:40:00,2017-03-05 12:20:00,2017-03-05 15:20:00,2017-03-05 14:15:00,2017-03-05 15:05:00,2017-03-05 12:40:00,2017-03-05 15:40:00,2017-03-05 12:25:00
"65",2017-03-06 15:00:00,2017-03-06 13:55:00,2017-03-06 07:55:00,2017-03-06 13:55:00,2017-03-06 15:00:00,2017-03-06 15:00:00,2017-03-06 15:40:00,2017-03-06 11:25:00
"66",2017-03-07 16:00:00,2017-03-07 08:20:00,2017-03-07 15:55:00,2017-03-07 15:00:00,2017-03-07 15:40:00,2017-03-07 16:00:00,2017-03-07 15:40:00,2017-03-07 14:35:00
"67",2017-03-08 14:45:00,2017-03-08 13:55:00,2017-03-08 12:55:00,2017-03-08 15:00:00,2017-03-08 15:00:00,2017-03-08 14:45:00,2017-03-08 15:40:00,2017-03-08 15:20:00
"68",2017-03-09 15:00:00,2017-03-09 16:00:00,2017-03-09 17:50:00,2017-03-09 16:00:00,2017-03-09 15:40:00,2017-03-09 15:00:00,2017-03-09 15:40:00,2017-03-09 15:40:00
"69",2017-03-10 15:30:00,2017-03-10 15:30:00,2017-03-10 14:45:00,2017-03-10 15:00:00,2017-03-10 15:40:00,2017-03-10 15:30:00,2017-03-10 15:40:00,2017-03-10 14:45:00
"70",2017-03-11 15:00:00,2017-03-11 14:55:00,2017-03-11 15:00:00,2017-03-11 16:00:00,2017-03-11 15:05:00,2017-03-11 15:00:00,2017-03-11 15:40:00,2017-03-11 14:50:00
"71",2017-03-12 14:15:00,2017-03-12 14:55:00,2017-03-12 15:10:00,2017-03-12 15:00:00,2017-03-12 15:55:00,2017-03-12 14:15:00,2017-03-12 15:55:00,2017-03-12 14:40:00
"72",2017-03-13 16:00:00,2017-03-13 16:00:00,2017-03-13 16:00:00,2017-03-13 16:05:00,2017-03-13 16:05:00,2017-03-13 16:00:00,2017-03-13 17:00:00,2017-03-13 15:50:00
"73",2017-03-14 15:35:00,2017-03-14 17:00:00,2017-03-14 18:00:00,2017-03-14 17:00:00,2017-03-14 17:00:00,2017-03-14 15:35:00,2017-03-14 16:40:00,2017-03-14 15:50:00
"74",2017-03-15 16:00:00,2017-03-15 16:00:00,2017-03-15 15:55:00,2017-03-15 16:00:00,2017-03-15 16:05:00,2017-03-15 16:00:00,2017-03-15 16:40:00,2017-03-15 16:10:00
"75",2017-03-16 18:00:00,2017-03-16 16:05:00,2017-03-16 16:00:00,2017-03-16 17:00:00,2017-03-16 16:00:00,2017-03-16 18:00:00,2017-03-16 16:40:00,2017-03-16 15:45:00
"76",2017-03-17 15:40:00,2017-03-17 14:20:00,2017-03-17 15:35:00,2017-03-17 15:20:00,2017-03-17 15:55:00,2017-03-17 15:40:00,2017-03-17 16:40:00,2017-03-17 15:35:00
"77",2017-03-18 16:00:00,2017-03-18 14:25:00,2017-03-18 16:00:00,2017-03-18 16:00:00,2017-03-18 16:05:00,2017-03-18 16:00:00,2017-03-18 16:40:00,2017-03-18 15:25:00
"78",2017-03-19 14:50:00,2017-03-19 15:30:00,2017-03-19 14:55:00,2017-03-19 15:40:00,2017-03-19 15:35:00,2017-03-19 14:50:00,2017-03-19 15:55:00,2017-03-19 15:45:00
"79",2017-03-20 17:00:00,2017-03-20 16:55:00,2017-03-20 15:55:00,2017-03-20 17:00:00,2017-03-20 17:00:00,2017-03-20 17:00:00,2017-03-20 16:40:00,2017-03-20 15:55:00
"80",2017-03-21 17:00:00,2017-03-21 16:05:00,2017-03-21 16:10:00,2017-03-21 17:00:00,2017-03-21 16:05:00,2017-03-21 17:00:00,2017-03-21 16:40:00,2017-03-21 16:15:00
"81",2017-03-22 15:10:00,2017-03-22 15:50:00,2017-03-22 15:20:00,2017-03-22 15:20:00,2017-03-22 15:50:00,2017-03-22 15:10:00,2017-03-22 16:40:00,2017-03-22 16:10:00
"82",2017-03-23 15:50:00,2017-03-23 14:40:00,2017-03-23 16:55:00,2017-03-23 15:35:00,2017-03-23 16:00:00,2017-03-23 15:50:00,2017-03-23 16:40:00,2017-03-23 15:40:00
"83",2017-03-24 14:55:00,2017-03-24 16:00:00,2017-03-24 15:00:00,2017-03-24 15:20:00,2017-03-24 16:00:00,2017-03-24 14:55:00,2017-03-24 17:00:00,2017-03-24 16:15:00
"84",2017-03-25 16:00:00,2017-03-25 14:25:00,2017-03-25 17:00:00,2017-03-25 16:00:00,2017-03-25 16:05:00,2017-03-25 16:00:00,2017-03-25 16:40:00,2017-03-25 15:45:00
"85",2017-03-26 15:25:00,2017-03-26 14:55:00,2017-03-26 15:45:00,2017-03-26 16:05:00,2017-03-26 16:00:00,2017-03-26 15:25:00,2017-03-26 16:40:00,2017-03-26 15:55:00
"86",2017-03-27 16:15:00,2017-03-27 16:00:00,2017-03-27 16:00:00,2017-03-27 16:00:00,2017-03-27 17:00:00,2017-03-27 16:15:00,2017-03-27 17:00:00,2017-03-27 16:20:00
"87",2017-03-28 16:00:00,2017-03-28 16:30:00,2017-03-28 16:15:00,2017-03-28 16:00:00,2017-03-28 16:05:00,2017-03-28 16:00:00,2017-03-28 16:40:00,2017-03-28 16:15:00
"88",2017-03-29 15:30:00,2017-03-29 15:35:00,2017-03-29 16:25:00,2017-03-29 15:35:00,2017-03-29 16:05:00,2017-03-29 15:30:00,2017-03-29 16:40:00,2017-03-29 16:10:00
"89",2017-03-30 14:40:00,2017-03-30 15:45:00,2017-03-30 16:00:00,2017-03-30 16:00:00,2017-03-30 15:55:00,2017-03-30 14:40:00,2017-03-30 16:40:00,2017-03-30 16:00:00
"90",2017-03-31 17:00:00,2017-03-31 16:00:00,2017-03-31 16:10:00,2017-03-31 17:00:00,2017-03-31 17:00:00,2017-03-31 17:00:00,2017-03-31 17:00:00,2017-03-31 16:00:00
"91",2017-04-01 14:30:00,2017-04-01 14:40:00,2017-04-01 18:35:00,2017-04-01 15:00:00,2017-04-01 15:40:00,2017-04-01 14:30:00,2017-04-01 16:00:00,2017-04-01 15:10:00
"92",2017-04-02 16:00:00,2017-04-02 16:00:00,2017-04-02 13:55:00,2017-04-02 17:00:00,2017-04-02 16:00:00,2017-04-02 16:00:00,2017-04-02 16:40:00,2017-04-02 15:50:00
"93",2017-04-03 17:00:00,2017-04-03 08:05:00,2017-04-03 14:40:00,2017-04-03 17:00:00,2017-04-03 17:00:00,2017-04-03 17:00:00,2017-04-03 16:40:00,2017-04-03 16:15:00
"94",2017-04-04 17:00:00,2017-04-04 17:00:00,2017-04-04 14:55:00,2017-04-04 17:00:00,2017-04-04 17:00:00,2017-04-04 17:00:00,2017-04-04 16:40:00,2017-04-04 16:25:00
"95",2017-04-05 16:00:00,2017-04-05 16:00:00,2017-04-05 07:55:00,2017-04-05 15:55:00,2017-04-05 16:05:00,2017-04-05 16:00:00,2017-04-05 16:40:00,2017-04-05 16:20:00
"96",2017-04-06 16:00:00,2017-04-06 16:00:00,2017-04-06 15:55:00,2017-04-06 17:00:00,2017-04-06 17:00:00,2017-04-06 16:00:00,2017-04-06 17:00:00,2017-04-06 16:25:00
"97",2017-04-07 15:55:00,2017-04-07 15:55:00,2017-04-07 16:00:00,2017-04-07 16:00:00,2017-04-07 16:00:00,2017-04-07 15:55:00,2017-04-07 17:00:00,2017-04-07 16:30:00
"98",2017-04-08 17:10:00,2017-04-08 16:05:00,2017-04-08 14:40:00,2017-04-08 16:00:00,2017-04-08 16:05:00,2017-04-08 17:10:00,2017-04-08 16:40:00,2017-04-08 16:25:00
"99",2017-04-09 16:00:00,2017-04-09 17:00:00,2017-04-09 17:30:00,2017-04-09 16:00:00,2017-04-09 16:05:00,2017-04-09 16:00:00,2017-04-09 16:40:00,2017-04-09 16:20:00
"100",2017-04-10 17:00:00,2017-04-10 16:15:00,2017-04-10 14:55:00,2017-04-10 17:00:00,2017-04-10 16:00:00,2017-04-10 17:00:00,2017-04-10 16:40:00,2017-04-10 16:35:00
"101",2017-04-11 17:00:00,2017-04-11 16:00:00,2017-04-11 16:55:00,2017-04-11 16:00:00,2017-04-11 16:40:00,2017-04-11 17:00:00,2017-04-11 16:40:00,2017-04-11 16:30:00
"102",2017-04-12 16:00:00,2017-04-12 16:00:00,2017-04-12 16:00:00,2017-04-12 16:20:00,2017-04-12 16:00:00,2017-04-12 16:00:00,2017-04-12 16:40:00,2017-04-12 16:20:00
"103",2017-04-13 16:20:00,2017-04-13 17:00:00,2017-04-13 17:25:00,2017-04-13 16:10:00,2017-04-13 16:35:00,2017-04-13 16:20:00,2017-04-13 15:55:00,2017-04-13 16:20:00
"104",2017-04-14 16:05:00,2017-04-14 15:15:00,2017-04-14 15:55:00,2017-04-14 16:00:00,2017-04-14 16:05:00,2017-04-14 16:05:00,2017-04-14 16:40:00,2017-04-14 16:15:00
"105",2017-04-15 15:40:00,2017-04-15 15:20:00,2017-04-15 16:05:00,2017-04-15 16:00:00,2017-04-15 16:00:00,2017-04-15 15:40:00,2017-04-15 16:40:00,2017-04-15 16:20:00
"106",2017-04-16 12:30:00,2017-04-16 15:20:00,2017-04-16 17:00:00,2017-04-16 12:55:00,2017-04-16 15:55:00,2017-04-16 12:30:00,2017-04-16 15:55:00,2017-04-16 16:20:00
"107",2017-04-17 16:05:00,2017-04-17 16:10:00,2017-04-17 15:55:00,2017-04-17 16:00:00,2017-04-17 16:05:00,2017-04-17 16:05:00,2017-04-17 16:40:00,2017-04-17 16:35:00
"108",2017-04-18 15:45:00,2017-04-18 15:25:00,2017-04-18 13:55:00,2017-04-18 15:55:00,2017-04-18 16:00:00,2017-04-18 15:45:00,2017-04-18 16:40:00,2017-04-18 11:55:00
"109",2017-04-19 16:00:00,2017-04-19 16:15:00,2017-04-19 16:30:00,2017-04-19 17:00:00,2017-04-19 16:40:00,2017-04-19 16:00:00,2017-04-19 16:40:00,2017-04-19 16:15:00
"110",2017-04-20 08:00:00,2017-04-20 09:00:00,2017-04-20 08:15:00,2017-04-20 11:55:00,2017-04-20 15:55:00,2017-04-20 08:00:00,2017-04-20 16:40:00,2017-04-20 09:30:00
"111",2017-04-21 18:00:00,2017-04-21 16:20:00,2017-04-21 14:55:00,2017-04-21 16:00:00,2017-04-21 16:05:00,2017-04-21 18:00:00,2017-04-21 16:40:00,2017-04-21 16:35:00
"112",2017-04-22 16:00:00,2017-04-22 15:45:00,2017-04-22 13:45:00,2017-04-22 16:20:00,2017-04-22 15:50:00,2017-04-22 16:00:00,2017-04-22 15:55:00,2017-04-22 16:30:00
"113",2017-04-23 15:55:00,2017-04-23 17:00:00,2017-04-23 16:35:00,2017-04-23 16:00:00,2017-04-23 15:55:00,2017-04-23 15:55:00,2017-04-23 15:55:00,2017-04-23 16:10:00
"114",2017-04-24 08:55:00,2017-04-24 08:00:00,2017-04-24 16:55:00,2017-04-24 08:20:00,2017-04-24 15:55:00,2017-04-24 08:55:00,2017-04-24 16:40:00,2017-04-24 16:35:00
"115",2017-04-25 15:55:00,2017-04-25 11:55:00,2017-04-25 15:10:00,2017-04-25 12:00:00,2017-04-25 16:00:00,2017-04-25 15:55:00,2017-04-25 16:40:00,2017-04-25 16:15:00
"116",2017-04-26 14:00:00,2017-04-26 14:55:00,2017-04-26 15:55:00,2017-04-26 11:50:00,2017-04-26 15:35:00,2017-04-26 14:00:00,2017-04-26 16:40:00,2017-04-26 11:35:00
"117",2017-04-27 15:35:00,2017-04-27 16:00:00,2017-04-27 15:55:00,2017-04-27 07:55:00,2017-04-27 16:05:00,2017-04-27 15:35:00,2017-04-27 16:40:00,2017-04-27 11:55:00
"118",2017-04-28 16:00:00,2017-04-28 16:20:00,2017-04-28 17:55:00,2017-04-28 16:10:00,2017-04-28 16:05:00,2017-04-28 16:00:00,2017-04-28 16:40:00,2017-04-28 16:35:00
"119",2017-04-29 15:55:00,2017-04-29 16:15:00,2017-04-29 16:30:00,2017-04-29 17:00:00,2017-04-29 16:30:00,2017-04-29 15:55:00,2017-04-29 16:40:00,2017-04-29 16:50:00
"120",2017-04-30 17:00:00,2017-04-30 15:55:00,2017-04-30 16:00:00,2017-04-30 15:55:00,2017-04-30 16:05:00,2017-04-30 17:00:00,2017-04-30 16:40:00,2017-04-30 16:35:00
"121",2017-05-01 11:00:00,2017-05-01 14:25:00,2017-05-01 08:00:00,2017-05-01 11:00:00,2017-05-01 14:45:00,2017-05-01 11:00:00,2017-05-01 15:40:00,2017-05-01 10:35:00
"122",2017-05-02 15:55:00,2017-05-02 17:00:00,2017-05-02 17:00:00,2017-05-02 17:00:00,2017-05-02 17:00:00,2017-05-02 15:55:00,2017-05-02 17:00:00,2017-05-02 16:40:00
"123",2017-05-03 17:00:00,2017-05-03 18:00:00,2017-05-03 16:40:00,2017-05-03 17:00:00,2017-05-03 16:40:00,2017-05-03 17:00:00,2017-05-03 16:40:00,2017-05-03 16:40:00
"124",2017-05-04 17:00:00,2017-05-04 15:35:00,2017-05-04 15:45:00,2017-05-04 17:00:00,2017-05-04 16:00:00,2017-05-04 17:00:00,2017-05-04 16:40:00,2017-05-04 16:25:00
"125",2017-05-05 09:55:00,2017-05-05 13:55:00,2017-05-05 17:05:00,2017-05-05 17:00:00,2017-05-05 16:40:00,2017-05-05 09:55:00,2017-05-05 16:40:00,2017-05-05 12:45:00
"126",2017-05-06 16:00:00,2017-05-06 16:20:00,2017-05-06 17:30:00,2017-05-06 17:00:00,2017-05-06 16:05:00,2017-05-06 16:00:00,2017-05-06 16:40:00,2017-05-06 17:05:00
"127",2017-05-07 16:15:00,2017-05-07 15:55:00,2017-05-07 16:00:00,2017-05-07 16:25:00,2017-05-07 16:05:00,2017-05-07 16:15:00,2017-05-07 16:40:00,2017-05-07 17:15:00
"128",2017-05-08 15:55:00,2017-05-08 17:00:00,2017-05-08 15:35:00,2017-05-08 17:00:00,2017-05-08 16:05:00,2017-05-08 15:55:00,2017-05-08 16:40:00,2017-05-08 16:50:00
"129",2017-05-09 16:10:00,2017-05-09 16:30:00,2017-05-09 16:15:00,2017-05-09 17:00:00,2017-05-09 16:40:00,2017-05-09 16:10:00,2017-05-09 16:40:00,2017-05-09 16:40:00
"130",2017-05-10 17:10:00,2017-05-10 15:05:00,2017-05-10 11:00:00,2017-05-10 16:25:00,2017-05-10 16:40:00,2017-05-10 17:10:00,2017-05-10 15:55:00,2017-05-10 15:25:00
"131",2017-05-11 13:45:00,2017-05-11 17:00:00,2017-05-11 17:00:00,2017-05-11 18:00:00,2017-05-11 17:00:00,2017-05-11 13:45:00,2017-05-11 16:40:00,2017-05-11 17:05:00
"132",2017-05-12 17:00:00,2017-05-12 16:35:00,2017-05-12 17:00:00,2017-05-12 17:00:00,2017-05-12 16:40:00,2017-05-12 17:00:00,2017-05-12 16:40:00,2017-05-12 17:00:00
"133",2017-05-13 17:00:00,2017-05-13 17:00:00,2017-05-13 16:55:00,2017-05-13 17:00:00,2017-05-13 17:00:00,2017-05-13 17:00:00,2017-05-13 16:40:00,2017-05-13 17:20:00
"134",2017-05-14 17:00:00,2017-05-14 16:40:00,2017-05-14 17:00:00,2017-05-14 16:20:00,2017-05-14 16:40:00,2017-05-14 17:00:00,2017-05-14 16:40:00,2017-05-14 16:45:00
"135",2017-05-15 17:00:00,2017-05-15 16:35:00,2017-05-15 17:00:00,2017-05-15 17:00:00,2017-05-15 16:40:00,2017-05-15 17:00:00,2017-05-15 16:40:00,2017-05-15 17:00:00
"136",2017-05-16 14:40:00,2017-05-16 14:35:00,2017-05-16 15:10:00,2017-05-16 15:55:00,2017-05-16 15:55:00,2017-05-16 14:40:00,2017-05-16 15:55:00,2017-05-16 14:45:00
"137",2017-05-17 17:00:00,2017-05-17 16:00:00,2017-05-17 18:00:00,2017-05-17 17:00:00,2017-05-17 16:05:00,2017-05-17 17:00:00,2017-05-17 16:40:00,2017-05-17 17:00:00
"138",2017-05-18 17:00:00,2017-05-18 16:30:00,2017-05-18 17:00:00,2017-05-18 18:00:00,2017-05-18 17:00:00,2017-05-18 17:00:00,2017-05-18 16:40:00,2017-05-18 17:10:00
"139",2017-05-19 17:00:00,2017-05-19 17:00:00,2017-05-19 17:00:00,2017-05-19 17:00:00,2017-05-19 17:00:00,2017-05-19 17:00:00,2017-05-19 15:55:00,2017-05-19 11:50:00
"140",2017-05-20 15:30:00,2017-05-20 17:00:00,2017-05-20 15:55:00,2017-05-20 15:35:00,2017-05-20 15:55:00,2017-05-20 15:30:00,2017-05-20 16:40:00,2017-05-20 17:20:00
"141",2017-05-21 16:35:00,2017-05-21 16:35:00,2017-05-21 16:00:00,2017-05-21 16:55:00,2017-05-21 16:35:00,2017-05-21 16:35:00,2017-05-21 17:00:00,2017-05-21 17:10:00
"142",2017-05-22 16:45:00,2017-05-22 15:55:00,2017-05-22 16:05:00,2017-05-22 16:35:00,2017-05-22 16:40:00,2017-05-22 16:45:00,2017-05-22 16:40:00,2017-05-22 12:25:00
"143",2017-05-23 18:15:00,2017-05-23 15:55:00,2017-05-23 12:00:00,2017-05-23 16:40:00,2017-05-23 16:40:00,2017-05-23 18:15:00,2017-05-23 16:40:00,2017-05-23 11:55:00
"144",2017-05-24 16:35:00,2017-05-24 18:00:00,2017-05-24 17:40:00,2017-05-24 16:10:00,2017-05-24 16:40:00,2017-05-24 16:35:00,2017-05-24 16:40:00,2017-05-24 17:15:00
"145",2017-05-25 15:00:00,2017-05-25 13:55:00,2017-05-25 17:00:00,2017-05-25 15:55:00,2017-05-25 15:55:00,2017-05-25 15:00:00,2017-05-25 16:40:00,2017-05-25 17:25:00
"146",2017-05-26 14:55:00,2017-05-26 11:55:00,2017-05-26 16:50:00,2017-05-26 12:00:00,2017-05-26 16:45:00,2017-05-26 14:55:00,2017-05-26 16:40:00,2017-05-26 17:15:00
"147",2017-05-27 14:45:00,2017-05-27 16:30:00,2017-05-27 10:25:00,2017-05-27 14:55:00,2017-05-27 16:40:00,2017-05-27 14:45:00,2017-05-27 16:40:00,2017-05-27 17:15:00
"148",2017-05-28 17:40:00,2017-05-28 13:05:00,2017-05-28 13:55:00,2017-05-28 14:55:00,2017-05-28 16:40:00,2017-05-28 17:40:00,2017-05-28 16:40:00,2017-05-28 16:50:00
"149",2017-05-29 17:00:00,2017-05-29 11:55:00,2017-05-29 15:05:00,2017-05-29 13:00:00,2017-05-29 16:40:00,2017-05-29 17:00:00,2017-05-29 16:40:00,2017-05-29 08:55:00
"150",2017-05-30 13:50:00,2017-05-30 14:30:00,2017-05-30 17:00:00,2017-05-30 17:00:00,2017-05-30 17:00:00,2017-05-30 13:50:00,2017-05-30 15:55:00,2017-05-30 17:25:00
"151",2017-05-31 18:00:00,2017-05-31 16:55:00,2017-05-31 15:05:00,2017-05-31 17:00:00,2017-05-31 16:40:00,2017-05-31 18:00:00,2017-05-31 16:40:00,2017-05-31 17:25:00
"152",2017-06-01 16:05:00,2017-06-01 18:05:00,2017-06-01 16:00:00,2017-06-01 15:45:00,2017-06-01 15:40:00,2017-06-01 16:05:00,2017-06-01 15:40:00,2017-06-01 16:00:00
"153",2017-06-02 14:40:00,2017-06-02 16:00:00,2017-06-02 19:00:00,2017-06-02 14:55:00,2017-06-02 16:05:00,2017-06-02 14:40:00,2017-06-02 15:55:00,2017-06-02 17:20:00
"154",2017-06-03 18:00:00,2017-06-03 11:05:00,2017-06-03 19:00:00,2017-06-03 17:00:00,2017-06-03 16:05:00,2017-06-03 18:00:00,2017-06-03 16:40:00,2017-06-03 17:15:00
"155",2017-06-04 16:30:00,2017-06-04 19:00:00,2017-06-04 13:55:00,2017-06-04 15:55:00,2017-06-04 16:40:00,2017-06-04 16:30:00,2017-06-04 16:40:00,2017-06-04 15:30:00
"156",2017-06-05 15:55:00,2017-06-05 15:55:00,2017-06-05 19:00:00,2017-06-05 15:55:00,2017-06-05 15:55:00,2017-06-05 15:55:00,2017-06-05 16:40:00,2017-06-05 17:30:00
"157",2017-06-06 17:00:00,2017-06-06 16:20:00,2017-06-06 15:15:00,2017-06-06 15:55:00,2017-06-06 16:35:00,2017-06-06 17:00:00,2017-06-06 16:40:00,2017-06-06 15:40:00
"158",2017-06-07 16:45:00,2017-06-07 17:05:00,2017-06-07 17:20:00,2017-06-07 16:55:00,2017-06-07 16:40:00,2017-06-07 16:45:00,2017-06-07 16:40:00,2017-06-07 15:40:00
"159",2017-06-08 14:55:00,2017-06-08 18:00:00,2017-06-08 17:55:00,2017-06-08 15:55:00,2017-06-08 16:40:00,2017-06-08 14:55:00,2017-06-08 16:40:00,2017-06-08 16:25:00
"160",2017-06-09 15:00:00,2017-06-09 18:00:00,2017-06-09 14:55:00,2017-06-09 15:55:00,2017-06-09 16:40:00,2017-06-09 15:00:00,2017-06-09 16:40:00,2017-06-09 17:15:00
"161",2017-06-10 14:00:00,2017-06-10 19:30:00,2017-06-10 15:00:00,2017-06-10 14:55:00,2017-06-10 15:55:00,2017-06-10 14:00:00,2017-06-10 16:40:00,2017-06-10 17:25:00
"162",2017-06-11 15:00:00,2017-06-11 14:55:00,2017-06-11 16:55:00,2017-06-11 17:10:00,2017-06-11 16:40:00,2017-06-11 15:00:00,2017-06-11 16:40:00,2017-06-11 17:20:00
"163",2017-06-12 14:20:00,2017-06-12 15:55:00,2017-06-12 15:55:00,2017-06-12 17:20:00,2017-06-12 16:40:00,2017-06-12 14:20:00,2017-06-12 16:40:00,2017-06-12 15:45:00
"164",2017-06-13 17:00:00,2017-06-13 16:55:00,2017-06-13 12:55:00,2017-06-13 15:55:00,2017-06-13 16:40:00,2017-06-13 17:00:00,2017-06-13 16:40:00,2017-06-13 11:50:00
"165",2017-06-14 15:05:00,2017-06-14 18:00:00,2017-06-14 15:35:00,2017-06-14 15:25:00,2017-06-14 15:40:00,2017-06-14 15:05:00,2017-06-14 16:40:00,2017-06-14 09:15:00
"166",2017-06-15 15:55:00,2017-06-15 14:00:00,2017-06-15 12:55:00,2017-06-15 15:55:00,2017-06-15 15:55:00,2017-06-15 15:55:00,2017-06-15 15:55:00,2017-06-15 10:20:00
"167",2017-06-16 15:30:00,2017-06-16 17:25:00,2017-06-16 17:00:00,2017-06-16 15:40:00,2017-06-16 16:40:00,2017-06-16 15:30:00,2017-06-16 16:40:00,2017-06-16 16:25:00
"168",2017-06-17 16:00:00,2017-06-17 13:55:00,2017-06-17 15:55:00,2017-06-17 13:40:00,2017-06-17 15:55:00,2017-06-17 16:00:00,2017-06-17 15:55:00,2017-06-17 13:15:00
"169",2017-06-18 17:30:00,2017-06-18 16:50:00,2017-06-18 16:55:00,2017-06-18 16:40:00,2017-06-18 16:40:00,2017-06-18 17:30:00,2017-06-18 16:40:00,2017-06-18 17:20:00
"170",2017-06-19 16:55:00,2017-06-19 17:45:00,2017-06-19 08:00:00,2017-06-19 18:20:00,2017-06-19 17:25:00,2017-06-19 16:55:00,2017-06-19 16:40:00,2017-06-19 15:45:00
"171",2017-06-20 14:55:00,2017-06-20 15:55:00,2017-06-20 15:00:00,2017-06-20 15:45:00,2017-06-20 15:55:00,2017-06-20 14:55:00,2017-06-20 16:40:00,2017-06-20 16:25:00
"172",2017-06-21 18:00:00,2017-06-21 16:55:00,2017-06-21 16:00:00,2017-06-21 16:50:00,2017-06-21 16:40:00,2017-06-21 18:00:00,2017-06-21 16:40:00,2017-06-21 16:50:00
"173",2017-06-22 17:20:00,2017-06-22 17:15:00,2017-06-22 15:00:00,2017-06-22 16:45:00,2017-06-22 16:40:00,2017-06-22 17:20:00,2017-06-22 16:40:00,2017-06-22 15:40:00
"174",2017-06-23 17:25:00,2017-06-23 16:55:00,2017-06-23 15:45:00,2017-06-23 16:55:00,2017-06-23 16:40:00,2017-06-23 17:25:00,2017-06-23 16:40:00,2017-06-23 13:25:00
"175",2017-06-24 16:45:00,2017-06-24 17:05:00,2017-06-24 15:55:00,2017-06-24 17:30:00,2017-06-24 16:40:00,2017-06-24 16:45:00,2017-06-24 16:40:00,2017-06-24 15:55:00
"176",2017-06-25 16:00:00,2017-06-25 16:00:00,2017-06-25 16:15:00,2017-06-25 16:00:00,2017-06-25 16:40:00,2017-06-25 16:00:00,2017-06-25 16:40:00,2017-06-25 14:40:00
"177",2017-06-26 15:35:00,2017-06-26 15:55:00,2017-06-26 16:25:00,2017-06-26 15:55:00,2017-06-26 15:55:00,2017-06-26 15:35:00,2017-06-26 17:00:00,2017-06-26 09:25:00
"178",2017-06-27 16:20:00,2017-06-27 15:55:00,2017-06-27 16:00:00,2017-06-27 16:55:00,2017-06-27 16:40:00,2017-06-27 16:20:00,2017-06-27 16:40:00,2017-06-27 15:15:00
"179",2017-06-28 17:00:00,2017-06-28 15:25:00,2017-06-28 15:10:00,2017-06-28 16:05:00,2017-06-28 16:05:00,2017-06-28 17:00:00,2017-06-28 16:40:00,2017-06-28 17:15:00
"180",2017-06-29 10:25:00,2017-06-29 13:45:00,2017-06-29 17:00:00,2017-06-29 10:15:00,2017-06-29 16:40:00,2017-06-29 10:25:00,2017-06-29 16:40:00,2017-06-29 09:00:00
"181",2017-06-30 17:55:00,2017-06-30 17:15:00,2017-06-30 15:55:00,2017-06-30 15:55:00,2017-06-30 16:40:00,2017-06-30 17:55:00,2017-06-30 16:40:00,2017-06-30 17:55:00
"182",2017-07-01 17:00:00,2017-07-01 10:00:00,2017-07-01 16:55:00,2017-07-01 16:35:00,2017-07-01 15:40:00,2017-07-01 17:00:00,2017-07-01 15:40:00,2017-07-01 07:55:00
"183",2017-07-02 16:35:00,2017-07-02 15:55:00,2017-07-02 16:45:00,2017-07-02 16:40:00,2017-07-02 16:40:00,2017-07-02 16:35:00,2017-07-02 15:55:00,2017-07-02 17:35:00
"184",2017-07-03 16:10:00,2017-07-03 17:20:00,2017-07-03 17:55:00,2017-07-03 16:55:00,2017-07-03 16:40:00,2017-07-03 16:10:00,2017-07-03 16:40:00,2017-07-03 15:15:00
"185",2017-07-04 15:45:00,2017-07-04 16:10:00,2017-07-04 15:55:00,2017-07-04 14:55:00,2017-07-04 15:55:00,2017-07-04 15:45:00,2017-07-04 16:40:00,2017-07-04 15:40:00
"186",2017-07-05 13:55:00,2017-07-05 08:50:00,2017-07-05 16:00:00,2017-07-05 15:45:00,2017-07-05 15:55:00,2017-07-05 13:55:00,2017-07-05 16:40:00,2017-07-05 15:50:00
"187",2017-07-06 14:50:00,2017-07-06 15:55:00,2017-07-06 14:55:00,2017-07-06 14:55:00,2017-07-06 14:55:00,2017-07-06 14:50:00,2017-07-06 17:00:00,2017-07-06 14:20:00
"188",2017-07-07 15:45:00,2017-07-07 15:55:00,2017-07-07 17:45:00,2017-07-07 15:50:00,2017-07-07 16:40:00,2017-07-07 15:45:00,2017-07-07 16:40:00,2017-07-07 15:00:00
"189",2017-07-08 16:10:00,2017-07-08 15:55:00,2017-07-08 11:55:00,2017-07-08 18:00:00,2017-07-08 16:40:00,2017-07-08 16:10:00,2017-07-08 16:40:00,2017-07-08 12:25:00
"190",2017-07-09 11:00:00,2017-07-09 11:00:00,2017-07-09 12:55:00,2017-07-09 12:55:00,2017-07-09 16:40:00,2017-07-09 11:00:00,2017-07-09 15:55:00,2017-07-09 12:40:00
"191",2017-07-10 14:50:00,2017-07-10 15:55:00,2017-07-10 16:55:00,2017-07-10 14:55:00,2017-07-10 14:55:00,2017-07-10 14:50:00,2017-07-10 16:40:00,2017-07-10 15:10:00
"192",2017-07-11 14:40:00,2017-07-11 14:20:00,2017-07-11 12:00:00,2017-07-11 17:10:00,2017-07-11 15:55:00,2017-07-11 14:40:00,2017-07-11 16:40:00,2017-07-11 11:45:00
"193",2017-07-12 10:20:00,2017-07-12 16:00:00,2017-07-12 15:00:00,2017-07-12 16:55:00,2017-07-12 16:05:00,2017-07-12 10:20:00,2017-07-12 16:40:00,2017-07-12 15:10:00
"194",2017-07-13 15:20:00,2017-07-13 16:25:00,2017-07-13 11:00:00,2017-07-13 15:30:00,2017-07-13 15:55:00,2017-07-13 15:20:00,2017-07-13 15:55:00,2017-07-13 17:00:00
"195",2017-07-14 14:55:00,2017-07-14 14:55:00,2017-07-14 16:50:00,2017-07-14 14:55:00,2017-07-14 14:55:00,2017-07-14 14:55:00,2017-07-14 16:40:00,2017-07-14 15:55:00
"196",2017-07-15 11:40:00,2017-07-15 13:55:00,2017-07-15 08:00:00,2017-07-15 11:35:00,2017-07-15 15:55:00,2017-07-15 11:40:00,2017-07-15 16:40:00,2017-07-15 13:50:00
"197",2017-07-16 17:25:00,2017-07-16 17:00:00,2017-07-16 15:55:00,2017-07-16 14:55:00,2017-07-16 15:55:00,2017-07-16 17:25:00,2017-07-16 16:40:00,2017-07-16 15:30:00
"198",2017-07-17 13:25:00,2017-07-17 14:55:00,2017-07-17 16:00:00,2017-07-17 13:55:00,2017-07-17 16:40:00,2017-07-17 13:25:00,2017-07-17 16:40:00,2017-07-17 12:25:00
"199",2017-07-18 08:55:00,2017-07-18 13:55:00,2017-07-18 16:55:00,2017-07-18 16:05:00,2017-07-18 16:40:00,2017-07-18 08:55:00,2017-07-18 16:40:00,2017-07-18 15:05:00
"200",2017-07-19 15:15:00,2017-07-19 16:35:00,2017-07-19 15:55:00,2017-07-19 15:05:00,2017-07-19 15:55:00,2017-07-19 15:15:00,2017-07-19 15:55:00,2017-07-19 16:50:00
"201",2017-07-20 15:30:00,2017-07-20 15:55:00,2017-07-20 15:55:00,2017-07-20 15:55:00,2017-07-20 15:55:00,2017-07-20 15:30:00,2017-07-20 16:40:00,2017-07-20 15:45:00
"202",2017-07-21 14:45:00,2017-07-21 12:00:00,2017-07-21 17:10:00,2017-07-21 15:55:00,2017-07-21 15:55:00,2017-07-21 14:45:00,2017-07-21 16:40:00,2017-07-21 08:30:00
"203",2017-07-22 09:35:00,2017-07-22 14:55:00,2017-07-22 13:55:00,2017-07-22 15:40:00,2017-07-22 15:55:00,2017-07-22 09:35:00,2017-07-22 16:40:00,2017-07-22 13:10:00
"204",2017-07-23 14:35:00,2017-07-23 15:55:00,2017-07-23 15:55:00,2017-07-23 14:55:00,2017-07-23 15:55:00,2017-07-23 14:35:00,2017-07-23 16:40:00,2017-07-23 15:50:00
"205",2017-07-24 14:55:00,2017-07-24 15:55:00,2017-07-24 17:00:00,2017-07-24 14:55:00,2017-07-24 16:05:00,2017-07-24 14:55:00,2017-07-24 16:40:00,2017-07-24 15:20:00
"206",2017-07-25 16:00:00,2017-07-25 16:00:00,2017-07-25 11:40:00,2017-07-25 16:55:00,2017-07-25 16:40:00,2017-07-25 16:00:00,2017-07-25 16:40:00,2017-07-25 17:00:00
"207",2017-07-26 16:00:00,2017-07-26 15:55:00,2017-07-26 15:20:00,2017-07-26 14:55:00,2017-07-26 15:55:00,2017-07-26 16:00:00,2017-07-26 16:40:00,2017-07-26 15:30:00
"208",2017-07-27 13:55:00,2017-07-27 13:55:00,2017-07-27 16:55:00,2017-07-27 13:55:00,2017-07-27 16:40:00,2017-07-27 13:55:00,2017-07-27 16:40:00,2017-07-27 14:15:00
"209",2017-07-28 18:00:00,2017-07-28 14:55:00,2017-07-28 15:55:00,2017-07-28 15:55:00,2017-07-28 16:40:00,2017-07-28 18:00:00,2017-07-28 16:40:00,2017-07-28 14:50:00
"210",2017-07-29 13:50:00,2017-07-29 14:55:00,2017-07-29 15:15:00,2017-07-29 13:55:00,2017-07-29 16:05:00,2017-07-29 13:50:00,2017-07-29 16:40:00,2017-07-29 15:10:00
"211",2017-07-30 14:25:00,2017-07-30 15:50:00,2017-07-30 17:55:00,2017-07-30 15:30:00,2017-07-30 16:40:00,2017-07-30 14:25:00,2017-07-30 16:40:00,2017-07-30 14:55:00
"212",2017-07-31 16:55:00,2017-07-31 15:55:00,2017-07-31 16:50:00,2017-07-31 14:55:00,2017-07-31 15:55:00,2017-07-31 16:55:00,2017-07-31 16:40:00,2017-07-31 15:10:00
"213",2017-08-01 13:30:00,2017-08-01 14:50:00,2017-08-01 13:45:00,2017-08-01 13:55:00,2017-08-01 14:55:00,2017-08-01 13:30:00,2017-08-01 15:40:00,2017-08-01 13:25:00
"214",2017-08-02 15:35:00,2017-08-02 16:00:00,2017-08-02 13:55:00,2017-08-02 17:00:00,2017-08-02 15:55:00,2017-08-02 15:35:00,2017-08-02 16:40:00,2017-08-02 14:20:00
"215",2017-08-03 17:00:00,2017-08-03 16:15:00,2017-08-03 14:30:00,2017-08-03 14:50:00,2017-08-03 15:55:00,2017-08-03 17:00:00,2017-08-03 15:55:00,2017-08-03 15:25:00
"216",2017-08-04 14:45:00,2017-08-04 14:55:00,2017-08-04 12:55:00,2017-08-04 14:55:00,2017-08-04 15:55:00,2017-08-04 14:45:00,2017-08-04 16:40:00,2017-08-04 17:00:00
"217",2017-08-05 14:55:00,2017-08-05 15:55:00,2017-08-05 14:55:00,2017-08-05 14:45:00,2017-08-05 15:55:00,2017-08-05 14:55:00,2017-08-05 16:40:00,2017-08-05 16:55:00
"218",2017-08-06 15:25:00,2017-08-06 16:35:00,2017-08-06 14:55:00,2017-08-06 16:55:00,2017-08-06 16:40:00,2017-08-06 15:25:00,2017-08-06 16:40:00,2017-08-06 15:05:00
"219",2017-08-07 14:55:00,2017-08-07 14:55:00,2017-08-07 16:30:00,2017-08-07 15:55:00,2017-08-07 15:55:00,2017-08-07 14:55:00,2017-08-07 16:40:00,2017-08-07 14:55:00
"220",2017-08-08 15:30:00,2017-08-08 15:00:00,2017-08-08 18:00:00,2017-08-08 15:55:00,2017-08-08 15:55:00,2017-08-08 15:30:00,2017-08-08 16:40:00,2017-08-08 10:40:00
"221",2017-08-09 17:00:00,2017-08-09 16:00:00,2017-08-09 14:55:00,2017-08-09 16:55:00,2017-08-09 16:40:00,2017-08-09 17:00:00,2017-08-09 16:40:00,2017-08-09 10:40:00
"222",2017-08-10 18:00:00,2017-08-10 13:40:00,2017-08-10 17:30:00,2017-08-10 14:55:00,2017-08-10 17:00:00,2017-08-10 18:00:00,2017-08-10 17:00:00,2017-08-10 08:00:00
"223",2017-08-11 14:40:00,2017-08-11 14:55:00,2017-08-11 14:55:00,2017-08-11 14:55:00,2017-08-11 15:55:00,2017-08-11 14:40:00,2017-08-11 16:40:00,2017-08-11 15:35:00
"224",2017-08-12 16:55:00,2017-08-12 15:55:00,2017-08-12 15:55:00,2017-08-12 15:55:00,2017-08-12 15:55:00,2017-08-12 16:55:00,2017-08-12 15:55:00,2017-08-12 12:15:00
"225",2017-08-13 13:50:00,2017-08-13 14:55:00,2017-08-13 14:55:00,2017-08-13 13:55:00,2017-08-13 15:55:00,2017-08-13 13:50:00,2017-08-13 16:40:00,2017-08-13 17:00:00
"226",2017-08-14 13:40:00,2017-08-14 16:05:00,2017-08-14 14:55:00,2017-08-14 14:50:00,2017-08-14 16:40:00,2017-08-14 13:40:00,2017-08-14 16:40:00,2017-08-14 08:00:00
"227",2017-08-15 16:55:00,2017-08-15 13:40:00,2017-08-15 13:55:00,2017-08-15 16:20:00,2017-08-15 16:05:00,2017-08-15 16:55:00,2017-08-15 16:40:00,2017-08-15 14:55:00
"228",2017-08-16 15:35:00,2017-08-16 18:00:00,2017-08-16 14:55:00,2017-08-16 15:50:00,2017-08-16 15:55:00,2017-08-16 15:35:00,2017-08-16 16:40:00,2017-08-16 16:15:00
"229",2017-08-17 11:15:00,2017-08-17 17:00:00,2017-08-17 13:55:00,2017-08-17 16:50:00,2017-08-17 16:40:00,2017-08-17 11:15:00,2017-08-17 16:40:00,2017-08-17 11:55:00
"230",2017-08-18 14:45:00,2017-08-18 15:55:00,2017-08-18 07:55:00,2017-08-18 13:55:00,2017-08-18 15:55:00,2017-08-18 14:45:00,2017-08-18 16:40:00,2017-08-18 16:50:00
"231",2017-08-19 13:55:00,2017-08-19 13:55:00,2017-08-19 13:55:00,2017-08-19 13:55:00,2017-08-19 14:55:00,2017-08-19 13:55:00,2017-08-19 16:40:00,2017-08-19 14:45:00
"232",2017-08-20 14:05:00,2017-08-20 15:55:00,2017-08-20 15:55:00,2017-08-20 14:55:00,2017-08-20 15:55:00,2017-08-20 14:05:00,2017-08-20 16:40:00,2017-08-20 16:20:00
"233",2017-08-21 17:00:00,2017-08-21 15:55:00,2017-08-21 17:50:00,2017-08-21 16:45:00,2017-08-21 16:40:00,2017-08-21 17:00:00,2017-08-21 16:40:00,2017-08-21 16:20:00
"234",2017-08-22 13:55:00,2017-08-22 16:35:00,2017-08-22 13:35:00,2017-08-22 15:35:00,2017-08-22 16:40:00,2017-08-22 13:55:00,2017-08-22 16:40:00,2017-08-22 16:25:00
"235",2017-08-23 16:15:00,2017-08-23 16:15:00,2017-08-23 16:00:00,2017-08-23 15:10:00,2017-08-23 16:05:00,2017-08-23 16:15:00,2017-08-23 15:55:00,2017-08-23 11:15:00
"236",2017-08-24 17:05:00,2017-08-24 16:15:00,2017-08-24 16:55:00,2017-08-24 15:25:00,2017-08-24 16:05:00,2017-08-24 17:05:00,2017-08-24 16:40:00,2017-08-24 16:45:00
"237",2017-08-25 16:20:00,2017-08-25 16:20:00,2017-08-25 16:00:00,2017-08-25 14:55:00,2017-08-25 16:40:00,2017-08-25 16:20:00,2017-08-25 16:40:00,2017-08-25 16:20:00
"238",2017-08-26 17:00:00,2017-08-26 17:00:00,2017-08-26 16:00:00,2017-08-26 14:55:00,2017-08-26 16:40:00,2017-08-26 17:00:00,2017-08-26 16:40:00,2017-08-26 16:45:00
"239",2017-08-27 09:55:00,2017-08-27 11:25:00,2017-08-27 16:00:00,2017-08-27 16:35:00,2017-08-27 16:05:00,2017-08-27 09:55:00,2017-08-27 15:55:00,2017-08-27 16:00:00
"240",2017-08-28 15:25:00,2017-08-28 15:55:00,2017-08-28 17:25:00,2017-08-28 15:55:00,2017-08-28 15:55:00,2017-08-28 15:25:00,2017-08-28 15:55:00,2017-08-28 16:20:00
"241",2017-08-29 14:40:00,2017-08-29 14:55:00,2017-08-29 14:55:00,2017-08-29 14:55:00,2017-08-29 14:55:00,2017-08-29 14:40:00,2017-08-29 16:40:00,2017-08-29 16:10:00
"242",2017-08-30 11:45:00,2017-08-30 16:20:00,2017-08-30 16:55:00,2017-08-30 15:55:00,2017-08-30 16:40:00,2017-08-30 11:45:00,2017-08-30 15:55:00,2017-08-30 16:10:00
"243",2017-08-31 16:10:00,2017-08-31 17:00:00,2017-08-31 16:45:00,2017-08-31 17:00:00,2017-08-31 15:55:00,2017-08-31 16:10:00,2017-08-31 15:55:00,2017-08-31 16:10:00
"244",2017-09-01 15:15:00,2017-09-01 16:00:00,2017-09-01 15:55:00,2017-09-01 15:55:00,2017-09-01 15:55:00,2017-09-01 15:15:00,2017-09-01 16:40:00,2017-09-01 16:00:00
"245",2017-09-02 16:05:00,2017-09-02 16:00:00,2017-09-02 16:35:00,2017-09-02 15:55:00,2017-09-02 16:40:00,2017-09-02 16:05:00,2017-09-02 15:55:00,2017-09-02 16:20:00
"246",2017-09-03 16:05:00,2017-09-03 15:55:00,2017-09-03 13:20:00,2017-09-03 14:55:00,2017-09-03 16:05:00,2017-09-03 16:05:00,2017-09-03 16:40:00,2017-09-03 12:25:00
"247",2017-09-04 14:15:00,2017-09-04 15:40:00,2017-09-04 11:55:00,2017-09-04 16:15:00,2017-09-04 15:55:00,2017-09-04 14:15:00,2017-09-04 16:40:00,2017-09-04 16:00:00
"248",2017-09-05 16:25:00,2017-09-05 16:20:00,2017-09-05 15:55:00,2017-09-05 15:55:00,2017-09-05 16:35:00,2017-09-05 16:25:00,2017-09-05 16:40:00,2017-09-05 16:05:00
"249",2017-09-06 16:05:00,2017-09-06 16:20:00,2017-09-06 15:50:00,2017-09-06 15:55:00,2017-09-06 16:40:00,2017-09-06 16:05:00,2017-09-06 16:40:00,2017-09-06 15:50:00
"250",2017-09-07 15:40:00,2017-09-07 16:25:00,2017-09-07 16:55:00,2017-09-07 15:55:00,2017-09-07 16:40:00,2017-09-07 15:40:00,2017-09-07 16:40:00,2017-09-07 16:05:00
"251",2017-09-08 15:55:00,2017-09-08 16:20:00,2017-09-08 16:00:00,2017-09-08 16:15:00,2017-09-08 16:15:00,2017-09-08 15:55:00,2017-09-08 16:40:00,2017-09-08 16:40:00
"252",2017-09-09 17:00:00,2017-09-09 16:20:00,2017-09-09 15:45:00,2017-09-09 16:00:00,2017-09-09 16:40:00,2017-09-09 17:00:00,2017-09-09 16:40:00,2017-09-09 16:45:00
"253",2017-09-10 15:55:00,2017-09-10 16:20:00,2017-09-10 14:55:00,2017-09-10 16:05:00,2017-09-10 16:40:00,2017-09-10 15:55:00,2017-09-10 15:55:00,2017-09-10 15:50:00
"254",2017-09-11 13:55:00,2017-09-11 12:30:00,2017-09-11 14:55:00,2017-09-11 15:55:00,2017-09-11 15:55:00,2017-09-11 13:55:00,2017-09-11 15:55:00,2017-09-11 16:00:00
"255",2017-09-12 14:40:00,2017-09-12 14:55:00,2017-09-12 15:50:00,2017-09-12 14:55:00,2017-09-12 16:05:00,2017-09-12 14:40:00,2017-09-12 16:40:00,2017-09-12 15:40:00
"256",2017-09-13 16:00:00,2017-09-13 16:20:00,2017-09-13 16:00:00,2017-09-13 16:40:00,2017-09-13 16:05:00,2017-09-13 16:00:00,2017-09-13 16:40:00,2017-09-13 15:45:00
"257",2017-09-14 15:40:00,2017-09-14 16:15:00,2017-09-14 17:00:00,2017-09-14 16:20:00,2017-09-14 16:40:00,2017-09-14 15:40:00,2017-09-14 16:40:00,2017-09-14 15:15:00
"258",2017-09-15 15:35:00,2017-09-15 15:55:00,2017-09-15 15:00:00,2017-09-15 14:55:00,2017-09-15 15:55:00,2017-09-15 15:35:00,2017-09-15 16:40:00,2017-09-15 15:30:00
"259",2017-09-16 16:00:00,2017-09-16 16:15:00,2017-09-16 13:55:00,2017-09-16 14:55:00,2017-09-16 16:00:00,2017-09-16 16:00:00,2017-09-16 16:40:00,2017-09-16 15:30:00
"260",2017-09-17 17:00:00,2017-09-17 16:10:00,2017-09-17 14:55:00,2017-09-17 15:55:00,2017-09-17 16:10:00,2017-09-17 17:00:00,2017-09-17 16:40:00,2017-09-17 15:45:00
"261",2017-09-18 16:25:00,2017-09-18 15:30:00,2017-09-18 15:30:00,2017-09-18 16:00:00,2017-09-18 16:05:00,2017-09-18 16:25:00,2017-09-18 16:40:00,2017-09-18 15:20:00
"262",2017-09-19 16:35:00,2017-09-19 16:10:00,2017-09-19 16:55:00,2017-09-19 16:15:00,2017-09-19 16:40:00,2017-09-19 16:35:00,2017-09-19 16:40:00,2017-09-19 15:40:00
"263",2017-09-20 16:00:00,2017-09-20 15:45:00,2017-09-20 14:55:00,2017-09-20 14:55:00,2017-09-20 16:00:00,2017-09-20 16:00:00,2017-09-20 16:40:00,2017-09-20 15:45:00
"264",2017-09-21 17:00:00,2017-09-21 16:10:00,2017-09-21 17:00:00,2017-09-21 17:00:00,2017-09-21 16:40:00,2017-09-21 17:00:00,2017-09-21 16:40:00,2017-09-21 16:00:00
"265",2017-09-22 16:00:00,2017-09-22 15:50:00,2017-09-22 15:50:00,2017-09-22 15:55:00,2017-09-22 15:55:00,2017-09-22 16:00:00,2017-09-22 15:55:00,2017-09-22 15:35:00
"266",2017-09-23 14:55:00,2017-09-23 16:00:00,2017-09-23 14:55:00,2017-09-23 14:50:00,2017-09-23 15:55:00,2017-09-23 14:55:00,2017-09-23 15:55:00,2017-09-23 15:40:00
"267",2017-09-24 16:35:00,2017-09-24 15:50:00,2017-09-24 14:55:00,2017-09-24 16:05:00,2017-09-24 16:05:00,2017-09-24 16:35:00,2017-09-24 16:40:00,2017-09-24 15:50:00
"268",2017-09-25 14:50:00,2017-09-25 16:05:00,2017-09-25 14:55:00,2017-09-25 16:10:00,2017-09-25 16:00:00,2017-09-25 14:50:00,2017-09-25 16:40:00,2017-09-25 15:45:00
"269",2017-09-26 15:45:00,2017-09-26 15:50:00,2017-09-26 16:25:00,2017-09-26 17:00:00,2017-09-26 15:50:00,2017-09-26 15:45:00,2017-09-26 16:40:00,2017-09-26 15:30:00
"270",2017-09-27 16:00:00,2017-09-27 15:55:00,2017-09-27 07:55:00,2017-09-27 15:50:00,2017-09-27 16:00:00,2017-09-27 16:00:00,2017-09-27 16:40:00,2017-09-27 15:45:00
"271",2017-09-28 15:35:00,2017-09-28 13:55:00,2017-09-28 15:10:00,2017-09-28 16:00:00,2017-09-28 16:00:00,2017-09-28 15:35:00,2017-09-28 16:40:00,2017-09-28 15:10:00
"272",2017-09-29 16:00:00,2017-09-29 15:40:00,2017-09-29 13:55:00,2017-09-29 16:00:00,2017-09-29 16:00:00,2017-09-29 16:00:00,2017-09-29 16:40:00,2017-09-29 15:05:00
"273",2017-09-30 16:20:00,2017-09-30 15:15:00,2017-09-30 16:55:00,2017-09-30 16:05:00,2017-09-30 16:05:00,2017-09-30 16:20:00,2017-09-30 16:40:00,2017-09-30 15:30:00
"274",2017-10-01 16:00:00,2017-10-01 16:00:00,2017-10-01 17:00:00,2017-10-01 16:00:00,2017-10-01 16:05:00,2017-10-01 16:00:00,2017-10-01 16:40:00,2017-10-01 15:15:00
"275",2017-10-02 15:35:00,2017-10-02 15:20:00,2017-10-02 16:50:00,2017-10-02 14:55:00,2017-10-02 15:35:00,2017-10-02 15:35:00,2017-10-02 16:40:00,2017-10-02 14:45:00
"276",2017-10-03 14:50:00,2017-10-03 15:30:00,2017-10-03 16:00:00,2017-10-03 14:55:00,2017-10-03 15:55:00,2017-10-03 14:50:00,2017-10-03 16:40:00,2017-10-03 15:20:00
"277",2017-10-04 16:00:00,2017-10-04 16:00:00,2017-10-04 15:55:00,2017-10-04 16:10:00,2017-10-04 16:00:00,2017-10-04 16:00:00,2017-10-04 16:40:00,2017-10-04 15:20:00
"278",2017-10-05 16:00:00,2017-10-05 15:45:00,2017-10-05 15:55:00,2017-10-05 15:15:00,2017-10-05 16:05:00,2017-10-05 16:00:00,2017-10-05 16:40:00,2017-10-05 15:35:00
"279",2017-10-06 15:35:00,2017-10-06 15:45:00,2017-10-06 14:55:00,2017-10-06 14:55:00,2017-10-06 16:05:00,2017-10-06 15:35:00,2017-10-06 17:00:00,2017-10-06 15:05:00
"280",2017-10-07 16:00:00,2017-10-07 15:30:00,2017-10-07 19:15:00,2017-10-07 14:55:00,2017-10-07 16:05:00,2017-10-07 16:00:00,2017-10-07 16:40:00,2017-10-07 15:15:00
"281",2017-10-08 15:35:00,2017-10-08 15:10:00,2017-10-08 08:10:00,2017-10-08 15:30:00,2017-10-08 15:40:00,2017-10-08 15:35:00,2017-10-08 16:40:00,2017-10-08 11:05:00
"282",2017-10-09 15:25:00,2017-10-09 15:10:00,2017-10-09 17:20:00,2017-10-09 15:35:00,2017-10-09 15:55:00,2017-10-09 15:25:00,2017-10-09 16:40:00,2017-10-09 15:05:00
"283",2017-10-10 15:20:00,2017-10-10 16:00:00,2017-10-10 16:00:00,2017-10-10 16:00:00,2017-10-10 16:00:00,2017-10-10 15:20:00,2017-10-10 16:40:00,2017-10-10 15:15:00
"284",2017-10-11 14:55:00,2017-10-11 15:10:00,2017-10-11 16:30:00,2017-10-11 16:00:00,2017-10-11 16:05:00,2017-10-11 14:55:00,2017-10-11 16:40:00,2017-10-11 15:05:00
"285",2017-10-12 14:50:00,2017-10-12 15:20:00,2017-10-12 15:30:00,2017-10-12 15:10:00,2017-10-12 15:35:00,2017-10-12 14:50:00,2017-10-12 16:40:00,2017-10-12 15:20:00
"286",2017-10-13 17:00:00,2017-10-13 15:00:00,2017-10-13 16:35:00,2017-10-13 15:00:00,2017-10-13 15:55:00,2017-10-13 17:00:00,2017-10-13 15:55:00,2017-10-13 15:45:00
"287",2017-10-14 16:00:00,2017-10-14 16:00:00,2017-10-14 16:00:00,2017-10-14 16:00:00,2017-10-14 16:00:00,2017-10-14 16:00:00,2017-10-14 16:40:00,2017-10-14 14:40:00
"288",2017-10-15 14:55:00,2017-10-15 16:00:00,2017-10-15 16:00:00,2017-10-15 15:35:00,2017-10-15 16:05:00,2017-10-15 14:55:00,2017-10-15 15:55:00,2017-10-15 14:50:00
"289",2017-10-16 16:00:00,2017-10-16 14:55:00,2017-10-16 15:00:00,2017-10-16 14:55:00,2017-10-16 16:00:00,2017-10-16 16:00:00,2017-10-16 16:40:00,2017-10-16 15:35:00
"290",2017-10-17 15:00:00,2017-10-17 15:25:00,2017-10-17 17:05:00,2017-10-17 15:30:00,2017-10-17 16:00:00,2017-10-17 15:00:00,2017-10-17 16:40:00,2017-10-17 14:50:00
"291",2017-10-18 15:00:00,2017-10-18 15:15:00,2017-10-18 12:55:00,2017-10-18 15:05:00,2017-10-18 15:30:00,2017-10-18 15:00:00,2017-10-18 17:00:00,2017-10-18 15:05:00
"292",2017-10-19 16:00:00,2017-10-19 16:00:00,2017-10-19 17:05:00,2017-10-19 16:00:00,2017-10-19 16:05:00,2017-10-19 16:00:00,2017-10-19 16:40:00,2017-10-19 15:20:00
"293",2017-10-20 16:00:00,2017-10-20 13:55:00,2017-10-20 13:55:00,2017-10-20 14:55:00,2017-10-20 16:05:00,2017-10-20 16:00:00,2017-10-20 16:40:00,2017-10-20 14:50:00
"294",2017-10-21 14:50:00,2017-10-21 14:35:00,2017-10-21 14:55:00,2017-10-21 15:30:00,2017-10-21 16:05:00,2017-10-21 14:50:00,2017-10-21 16:40:00,2017-10-21 13:00:00
"295",2017-10-22 15:25:00,2017-10-22 16:00:00,2017-10-22 16:55:00,2017-10-22 16:00:00,2017-10-22 16:05:00,2017-10-22 15:25:00,2017-10-22 16:40:00,2017-10-22 14:20:00
"296",2017-10-23 14:50:00,2017-10-23 14:20:00,2017-10-23 16:25:00,2017-10-23 14:50:00,2017-10-23 16:05:00,2017-10-23 14:50:00,2017-10-23 16:40:00,2017-10-23 15:05:00
"297",2017-10-24 17:00:00,2017-10-24 13:55:00,2017-10-24 13:05:00,2017-10-24 16:00:00,2017-10-24 16:05:00,2017-10-24 17:00:00,2017-10-24 16:40:00,2017-10-24 14:25:00
"298",2017-10-25 14:55:00,2017-10-25 13:55:00,2017-10-25 15:20:00,2017-10-25 14:55:00,2017-10-25 16:00:00,2017-10-25 14:55:00,2017-10-25 16:40:00,2017-10-25 15:15:00
"299",2017-10-26 13:45:00,2017-10-26 15:10:00,2017-10-26 15:15:00,2017-10-26 15:00:00,2017-10-26 15:30:00,2017-10-26 13:45:00,2017-10-26 16:40:00,2017-10-26 15:30:00
"300",2017-10-27 15:00:00,2017-10-27 15:25:00,2017-10-27 16:15:00,2017-10-27 15:15:00,2017-10-27 16:10:00,2017-10-27 15:00:00,2017-10-27 16:40:00,2017-10-27 14:40:00
"301",2017-10-28 14:30:00,2017-10-28 14:25:00,2017-10-28 15:40:00,2017-10-28 14:50:00,2017-10-28 15:45:00,2017-10-28 14:30:00,2017-10-28 16:40:00,2017-10-28 14:05:00
"302",2017-10-29 13:45:00,2017-10-29 14:55:00,2017-10-29 14:25:00,2017-10-29 16:00:00,2017-10-29 16:00:00,2017-10-29 13:45:00,2017-10-29 16:40:00,2017-10-29 14:05:00
"303",2017-10-30 14:45:00,2017-10-30 16:00:00,2017-10-30 15:00:00,2017-10-30 15:05:00,2017-10-30 16:00:00,2017-10-30 14:45:00,2017-10-30 16:40:00,2017-10-30 14:40:00
"304",2017-10-31 14:35:00,2017-10-31 15:05:00,2017-10-31 16:00:00,2017-10-31 15:00:00,2017-10-31 16:00:00,2017-10-31 14:35:00,2017-10-31 16:40:00,2017-10-31 14:35:00
"305",2017-11-01 15:00:00,2017-11-01 14:55:00,2017-11-01 16:50:00,2017-11-01 15:00:00,2017-11-01 15:40:00,2017-11-01 15:00:00,2017-11-01 16:40:00,2017-11-01 15:15:00
"306",2017-11-02 13:45:00,2017-11-02 14:15:00,2017-11-02 18:00:00,2017-11-02 13:55:00,2017-11-02 14:50:00,2017-11-02 13:45:00,2017-11-02 16:40:00,2017-11-02 14:50:00
"307",2017-11-03 17:00:00,2017-11-03 16:00:00,2017-11-03 16:00:00,2017-11-03 13:55:00,2017-11-03 16:00:00,2017-11-03 17:00:00,2017-11-03 16:40:00,2017-11-03 14:35:00
"308",2017-11-04 14:40:00,2017-11-04 14:05:00,2017-11-04 15:00:00,2017-11-04 13:55:00,2017-11-04 16:00:00,2017-11-04 14:40:00,2017-11-04 16:40:00,2017-11-04 12:20:00
"309",2017-11-05 12:50:00,2017-11-05 14:00:00,2017-11-05 12:55:00,2017-11-05 14:00:00,2017-11-05 13:35:00,2017-11-05 12:50:00,2017-11-05 14:55:00,2017-11-05 13:00:00
"310",2017-11-06 13:25:00,2017-11-06 12:55:00,2017-11-06 15:55:00,2017-11-06 13:10:00,2017-11-06 15:00:00,2017-11-06 13:25:00,2017-11-06 15:40:00,2017-11-06 14:05:00
"311",2017-11-07 13:25:00,2017-11-07 14:10:00,2017-11-07 12:55:00,2017-11-07 14:00:00,2017-11-07 15:00:00,2017-11-07 13:25:00,2017-11-07 15:40:00,2017-11-07 14:05:00
"312",2017-11-08 12:45:00,2017-11-08 15:00:00,2017-11-08 15:00:00,2017-11-08 13:55:00,2017-11-08 15:00:00,2017-11-08 12:45:00,2017-11-08 15:40:00,2017-11-08 14:35:00
"313",2017-11-09 11:40:00,2017-11-09 12:55:00,2017-11-09 13:10:00,2017-11-09 15:00:00,2017-11-09 14:50:00,2017-11-09 11:40:00,2017-11-09 15:40:00,2017-11-09 14:15:00
"314",2017-11-10 15:00:00,2017-11-10 14:20:00,2017-11-10 16:00:00,2017-11-10 14:05:00,2017-11-10 15:00:00,2017-11-10 15:00:00,2017-11-10 15:40:00,2017-11-10 12:50:00
"315",2017-11-11 10:45:00,2017-11-11 13:35:00,2017-11-11 15:00:00,2017-11-11 14:00:00,2017-11-11 15:00:00,2017-11-11 10:45:00,2017-11-11 15:40:00,2017-11-11 12:35:00
"316",2017-11-12 12:50:00,2017-11-12 12:55:00,2017-11-12 13:45:00,2017-11-12 12:50:00,2017-11-12 15:00:00,2017-11-12 12:50:00,2017-11-12 15:40:00,2017-11-12 12:45:00
"317",2017-11-13 12:50:00,2017-11-13 13:05:00,2017-11-13 14:00:00,2017-11-13 12:55:00,2017-11-13 14:35:00,2017-11-13 12:50:00,2017-11-13 16:00:00,2017-11-13 14:15:00
"318",2017-11-14 12:55:00,2017-11-14 13:00:00,2017-11-14 13:30:00,2017-11-14 12:55:00,2017-11-14 15:00:00,2017-11-14 12:55:00,2017-11-14 15:40:00,2017-11-14 14:20:00
"319",2017-11-15 14:00:00,2017-11-15 14:30:00,2017-11-15 13:45:00,2017-11-15 14:00:00,2017-11-15 14:35:00,2017-11-15 14:00:00,2017-11-15 14:55:00,2017-11-15 15:05:00
"320",2017-11-16 13:20:00,2017-11-16 13:50:00,2017-11-16 13:10:00,2017-11-16 13:25:00,2017-11-16 14:45:00,2017-11-16 13:20:00,2017-11-16 15:40:00,2017-11-16 14:10:00
"321",2017-11-17 08:00:00,2017-11-17 14:00:00,2017-11-17 13:10:00,2017-11-17 14:00:00,2017-11-17 14:40:00,2017-11-17 08:00:00,2017-11-17 14:55:00,2017-11-17 12:50:00
"322",2017-11-18 13:40:00,2017-11-18 15:00:00,2017-11-18 12:55:00,2017-11-18 14:00:00,2017-11-18 15:00:00,2017-11-18 13:40:00,2017-11-18 15:40:00,2017-11-18 13:20:00
"323",2017-11-19 14:05:00,2017-11-19 12:55:00,2017-11-19 15:00:00,2017-11-19 12:55:00,2017-11-19 15:00:00,2017-11-19 14:05:00,2017-11-19 15:40:00,2017-11-19 12:45:00
"324",2017-11-20 13:50:00,2017-11-20 08:00:00,2017-11-20 12:55:00,2017-11-20 11:55:00,2017-11-20 14:55:00,2017-11-20 13:50:00,2017-11-20 15:40:00,2017-11-20 07:00:00
"325",2017-11-21 13:25:00,2017-11-21 12:35:00,2017-11-21 14:50:00,2017-11-21 14:35:00,2017-11-21 15:00:00,2017-11-21 13:25:00,2017-11-21 15:40:00,2017-11-21 15:25:00
"326",2017-11-22 15:15:00,2017-11-22 14:10:00,2017-11-22 14:40:00,2017-11-22 14:00:00,2017-11-22 15:05:00,2017-11-22 15:15:00,2017-11-22 15:40:00,2017-11-22 14:15:00
"327",2017-11-23 12:50:00,2017-11-23 14:10:00,2017-11-23 14:30:00,2017-11-23 13:20:00,2017-11-23 14:45:00,2017-11-23 12:50:00,2017-11-23 15:40:00,2017-11-23 14:45:00
"328",2017-11-24 12:50:00,2017-11-24 13:55:00,2017-11-24 14:20:00,2017-11-24 12:55:00,2017-11-24 14:30:00,2017-11-24 12:50:00,2017-11-24 14:55:00,2017-11-24 14:45:00
"329",2017-11-25 14:05:00,2017-11-25 13:55:00,2017-11-25 13:00:00,2017-11-25 13:05:00,2017-11-25 15:00:00,2017-11-25 14:05:00,2017-11-25 15:40:00,2017-11-25 12:40:00
"330",2017-11-26 13:30:00,2017-11-26 16:00:00,2017-11-26 15:00:00,2017-11-26 15:00:00,2017-11-26 15:00:00,2017-11-26 13:30:00,2017-11-26 15:40:00,2017-11-26 12:40:00
"331",2017-11-27 13:00:00,2017-11-27 13:40:00,2017-11-27 06:55:00,2017-11-27 13:20:00,2017-11-27 14:35:00,2017-11-27 13:00:00,2017-11-27 15:40:00,2017-11-27 14:25:00
"332",2017-11-28 13:50:00,2017-11-28 12:20:00,2017-11-28 14:00:00,2017-11-28 14:00:00,2017-11-28 14:35:00,2017-11-28 13:50:00,2017-11-28 14:55:00,2017-11-28 14:35:00
"333",2017-11-29 14:00:00,2017-11-29 14:05:00,2017-11-29 14:55:00,2017-11-29 14:30:00,2017-11-29 14:55:00,2017-11-29 14:00:00,2017-11-29 14:55:00,2017-11-29 13:15:00
"334",2017-11-30 12:40:00,2017-11-30 13:55:00,2017-11-30 15:35:00,2017-11-30 14:00:00,2017-11-30 15:00:00,2017-11-30 12:40:00,2017-11-30 15:40:00,2017-11-30 14:05:00
"335",2017-12-01 12:00:00,2017-12-01 12:55:00,2017-12-01 09:55:00,2017-12-01 12:10:00,2017-12-01 14:05:00,2017-12-01 12:00:00,2017-12-01 14:40:00,2017-12-01 11:50:00
"336",2017-12-02 12:55:00,2017-12-02 12:55:00,2017-12-02 13:00:00,2017-12-02 13:00:00,2017-12-02 15:00:00,2017-12-02 12:55:00,2017-12-02 14:55:00,2017-12-02 12:35:00
"337",2017-12-03 13:00:00,2017-12-03 15:15:00,2017-12-03 13:00:00,2017-12-03 13:15:00,2017-12-03 13:50:00,2017-12-03 13:00:00,2017-12-03 15:40:00,2017-12-03 12:25:00
"338",2017-12-04 14:45:00,2017-12-04 13:35:00,2017-12-04 12:00:00,2017-12-04 12:45:00,2017-12-04 14:45:00,2017-12-04 14:45:00,2017-12-04 15:40:00,2017-12-04 14:30:00
"339",2017-12-05 13:00:00,2017-12-05 14:50:00,2017-12-05 15:10:00,2017-12-05 12:45:00,2017-12-05 15:00:00,2017-12-05 13:00:00,2017-12-05 15:40:00,2017-12-05 14:25:00
"340",2017-12-06 14:40:00,2017-12-06 14:20:00,2017-12-06 14:00:00,2017-12-06 12:55:00,2017-12-06 15:00:00,2017-12-06 14:40:00,2017-12-06 15:40:00,2017-12-06 14:25:00
"341",2017-12-07 14:00:00,2017-12-07 14:40:00,2017-12-07 16:00:00,2017-12-07 13:55:00,2017-12-07 14:50:00,2017-12-07 14:00:00,2017-12-07 15:40:00,2017-12-07 15:05:00
"342",2017-12-08 14:00:00,2017-12-08 15:00:00,2017-12-08 14:20:00,2017-12-08 13:10:00,2017-12-08 15:00:00,2017-12-08 14:00:00,2017-12-08 15:40:00,2017-12-08 12:25:00
"343",2017-12-09 12:40:00,2017-12-09 13:10:00,2017-12-09 14:30:00,2017-12-09 13:00:00,2017-12-09 14:40:00,2017-12-09 12:40:00,2017-12-09 15:40:00,2017-12-09 13:10:00
"344",2017-12-10 12:40:00,2017-12-10 14:50:00,2017-12-10 14:55:00,2017-12-10 14:00:00,2017-12-10 14:40:00,2017-12-10 12:40:00,2017-12-10 15:40:00,2017-12-10 12:50:00
"345",2017-12-11 13:30:00,2017-12-11 14:15:00,2017-12-11 12:00:00,2017-12-11 13:00:00,2017-12-11 14:45:00,2017-12-11 13:30:00,2017-12-11 14:55:00,2017-12-11 15:00:00
"346",2017-12-12 12:35:00,2017-12-12 12:55:00,2017-12-12 08:55:00,2017-12-12 12:50:00,2017-12-12 14:45:00,2017-12-12 12:35:00,2017-12-12 15:40:00,2017-12-12 13:00:00
"347",2017-12-13 13:05:00,2017-12-13 15:05:00,2017-12-13 13:20:00,2017-12-13 13:05:00,2017-12-13 15:05:00,2017-12-13 13:05:00,2017-12-13 15:40:00,2017-12-13 14:40:00
"348",2017-12-14 16:00:00,2017-12-14 16:00:00,2017-12-14 13:00:00,2017-12-14 13:55:00,2017-12-14 16:00:00,2017-12-14 16:00:00,2017-12-14 15:40:00,2017-12-14 14:50:00
"349",2017-12-15 13:00:00,2017-12-15 12:55:00,2017-12-15 07:00:00,2017-12-15 12:40:00,2017-12-15 15:00:00,2017-12-15 13:00:00,2017-12-15 15:40:00,2017-12-15 13:20:00
"350",2017-12-16 11:50:00,2017-12-16 12:20:00,2017-12-16 13:55:00,2017-12-16 12:35:00,2017-12-16 15:00:00,2017-12-16 11:50:00,2017-12-16 15:40:00,2017-12-16 12:35:00
"351",2017-12-17 12:40:00,2017-12-17 12:55:00,2017-12-17 15:00:00,2017-12-17 12:40:00,2017-12-17 15:05:00,2017-12-17 12:40:00,2017-12-17 15:40:00,2017-12-17 12:50:00
"352",2017-12-18 12:40:00,2017-12-18 06:55:00,2017-12-18 15:00:00,2017-12-18 12:55:00,2017-12-18 15:05:00,2017-12-18 12:40:00,2017-12-18 15:40:00,2017-12-18 14:50:00
"353",2017-12-19 14:15:00,2017-12-19 12:55:00,2017-12-19 13:40:00,2017-12-19 14:25:00,2017-12-19 14:55:00,2017-12-19 14:15:00,2017-12-19 15:40:00,2017-12-19 14:55:00
"354",2017-12-20 13:00:00,2017-12-20 13:00:00,2017-12-20 15:00:00,2017-12-20 12:40:00,2017-12-20 15:00:00,2017-12-20 13:00:00,2017-12-20 15:40:00,2017-12-20 11:55:00
"355",2017-12-21 12:30:00,2017-12-21 12:55:00,2017-12-21 13:00:00,2017-12-21 14:00:00,2017-12-21 14:45:00,2017-12-21 12:30:00,2017-12-21 15:40:00,2017-12-21 14:40:00
"356",2017-12-22 13:00:00,2017-12-22 13:10:00,2017-12-22 14:50:00,2017-12-22 13:05:00,2017-12-22 14:55:00,2017-12-22 13:00:00,2017-12-22 14:55:00,2017-12-22 15:05:00
"357",2017-12-23 15:05:00,2017-12-23 13:05:00,2017-12-23 15:00:00,2017-12-23 13:10:00,2017-12-23 15:05:00,2017-12-23 15:05:00,2017-12-23 15:40:00,2017-12-23 12:45:00
"358",2017-12-24 13:00:00,2017-12-24 12:50:00,2017-12-24 11:55:00,2017-12-24 12:45:00,2017-12-24 13:25:00,2017-12-24 13:00:00,2017-12-24 15:40:00,2017-12-24 12:45:00
"359",2017-12-25 12:15:00,2017-12-25 12:05:00,2017-12-25 15:00:00,2017-12-25 13:00:00,2017-12-25 14:45:00,2017-12-25 12:15:00,2017-12-25 15:40:00,2017-12-25 12:30:00
"360",2017-12-26 16:00:00,2017-12-26 10:20:00,2017-12-26 16:20:00,2017-12-26 15:00:00,2017-12-26 15:40:00,2017-12-26 16:00:00,2017-12-26 15:40:00,2017-12-26 12:50:00
"361",2017-12-27 13:00:00,2017-12-27 12:55:00,2017-12-27 06:55:00,2017-12-27 14:25:00,2017-12-27 15:00:00,2017-12-27 13:00:00,2017-12-27 15:40:00,2017-12-27 12:45:00
"362",2017-12-28 13:00:00,2017-12-28 14:00:00,2017-12-28 08:00:00,2017-12-28 14:00:00,2017-12-28 15:05:00,2017-12-28 13:00:00,2017-12-28 15:40:00,2017-12-28 12:45:00
"363",2017-12-29 12:35:00,2017-12-29 14:00:00,2017-12-29 14:35:00,2017-12-29 12:35:00,2017-12-29 14:45:00,2017-12-29 12:35:00,2017-12-29 15:40:00,2017-12-29 12:55:00
"364",2017-12-30 13:05:00,2017-12-30 13:40:00,2017-12-30 15:00:00,2017-12-30 13:05:00,2017-12-30 15:00:00,2017-12-30 13:05:00,2017-12-30 15:40:00,2017-12-30 13:05:00
"365",2017-12-31 13:00:00,2017-12-31 12:55:00,2017-12-31 14:00:00,2017-12-31 13:00:00,2017-12-31 15:00:00,2017-12-31 13:00:00,2017-12-31 15:40:00,2017-12-31 13:00:00
