"","xgboost","cubist","deepLearning","rf","LSTM","avg","median","real_peak"
"1",2017-01-01 17:10:00,2017-01-01 17:30:00,2017-01-01 19:00:00,2017-01-01 19:00:00,2017-01-01 19:00:00,2017-01-01 18:28:00,2017-01-01 19:40:00,2017-01-01 16:55:00
"2",2017-01-02 17:55:00,2017-01-02 19:25:00,2017-01-02 19:50:00,2017-01-02 17:55:00,2017-01-02 20:00:00,2017-01-02 19:09:00,2017-01-02 20:40:00,2017-01-02 19:30:00
"3",2017-01-03 17:50:00,2017-01-03 18:55:00,2017-01-03 18:55:00,2017-01-03 18:00:00,2017-01-03 18:55:00,2017-01-03 18:52:00,2017-01-03 20:40:00,2017-01-03 19:30:00
"4",2017-01-04 17:50:00,2017-01-04 12:00:00,2017-01-04 19:00:00,2017-01-04 17:50:00,2017-01-04 20:10:00,2017-01-04 17:28:00,2017-01-04 20:40:00,2017-01-04 19:50:00
"5",2017-01-05 19:45:00,2017-01-05 18:10:00,2017-01-05 19:55:00,2017-01-05 21:00:00,2017-01-05 19:55:00,2017-01-05 19:54:00,2017-01-05 20:40:00,2017-01-05 19:55:00
"6",2017-01-06 21:00:00,2017-01-06 21:00:00,2017-01-06 21:00:00,2017-01-06 21:00:00,2017-01-06 21:00:00,2017-01-06 20:56:00,2017-01-06 20:40:00,2017-01-06 18:00:00
"7",2017-01-07 20:25:00,2017-01-07 18:05:00,2017-01-07 19:00:00,2017-01-07 19:25:00,2017-01-07 19:45:00,2017-01-07 19:31:00,2017-01-07 20:40:00,2017-01-07 17:55:00
"8",2017-01-08 11:55:00,2017-01-08 17:35:00,2017-01-08 20:35:00,2017-01-08 18:00:00,2017-01-08 20:05:00,2017-01-08 17:36:00,2017-01-08 19:55:00,2017-01-08 17:45:00
"9",2017-01-09 17:45:00,2017-01-09 17:55:00,2017-01-09 18:10:00,2017-01-09 17:55:00,2017-01-09 20:05:00,2017-01-09 18:29:00,2017-01-09 20:40:00,2017-01-09 19:25:00
"10",2017-01-10 20:00:00,2017-01-10 17:55:00,2017-01-10 21:00:00,2017-01-10 16:50:00,2017-01-10 20:05:00,2017-01-10 19:17:00,2017-01-10 20:40:00,2017-01-10 19:25:00
"11",2017-01-11 19:20:00,2017-01-11 18:25:00,2017-01-11 18:55:00,2017-01-11 19:15:00,2017-01-11 19:55:00,2017-01-11 19:19:00,2017-01-11 20:40:00,2017-01-11 20:20:00
"12",2017-01-12 19:20:00,2017-01-12 18:45:00,2017-01-12 20:45:00,2017-01-12 19:00:00,2017-01-12 20:05:00,2017-01-12 19:42:00,2017-01-12 20:40:00,2017-01-12 20:05:00
"13",2017-01-13 17:55:00,2017-01-13 18:10:00,2017-01-13 18:10:00,2017-01-13 17:55:00,2017-01-13 20:05:00,2017-01-13 18:34:00,2017-01-13 20:40:00,2017-01-13 18:05:00
"14",2017-01-14 20:10:00,2017-01-14 17:55:00,2017-01-14 17:55:00,2017-01-14 20:00:00,2017-01-14 19:30:00,2017-01-14 19:20:00,2017-01-14 20:40:00,2017-01-14 18:10:00
"15",2017-01-15 19:20:00,2017-01-15 19:30:00,2017-01-15 19:35:00,2017-01-15 19:00:00,2017-01-15 19:30:00,2017-01-15 19:37:00,2017-01-15 20:40:00,2017-01-15 18:05:00
"16",2017-01-16 19:20:00,2017-01-16 16:55:00,2017-01-16 19:50:00,2017-01-16 18:50:00,2017-01-16 20:05:00,2017-01-16 19:07:00,2017-01-16 20:40:00,2017-01-16 20:40:00
"17",2017-01-17 17:55:00,2017-01-17 19:30:00,2017-01-17 17:55:00,2017-01-17 20:10:00,2017-01-17 20:05:00,2017-01-17 19:14:00,2017-01-17 20:40:00,2017-01-17 19:35:00
"18",2017-01-18 17:55:00,2017-01-18 18:55:00,2017-01-18 20:00:00,2017-01-18 19:30:00,2017-01-18 20:00:00,2017-01-18 19:24:00,2017-01-18 20:40:00,2017-01-18 20:10:00
"19",2017-01-19 17:55:00,2017-01-19 19:35:00,2017-01-19 18:55:00,2017-01-19 11:55:00,2017-01-19 19:45:00,2017-01-19 17:39:00,2017-01-19 19:55:00,2017-01-19 19:20:00
"20",2017-01-20 19:55:00,2017-01-20 19:45:00,2017-01-20 17:55:00,2017-01-20 19:45:00,2017-01-20 20:00:00,2017-01-20 19:36:00,2017-01-20 20:40:00,2017-01-20 18:40:00
"21",2017-01-21 20:00:00,2017-01-21 19:40:00,2017-01-21 20:55:00,2017-01-21 19:20:00,2017-01-21 19:55:00,2017-01-21 20:07:00,2017-01-21 20:40:00,2017-01-21 18:05:00
"22",2017-01-22 19:30:00,2017-01-22 18:55:00,2017-01-22 17:05:00,2017-01-22 17:55:00,2017-01-22 20:00:00,2017-01-22 18:49:00,2017-01-22 20:40:00,2017-01-22 18:05:00
"23",2017-01-23 17:55:00,2017-01-23 19:40:00,2017-01-23 21:05:00,2017-01-23 19:15:00,2017-01-23 20:00:00,2017-01-23 19:43:00,2017-01-23 20:40:00,2017-01-23 20:00:00
"24",2017-01-24 18:45:00,2017-01-24 11:55:00,2017-01-24 19:45:00,2017-01-24 19:00:00,2017-01-24 19:35:00,2017-01-24 17:52:00,2017-01-24 19:55:00,2017-01-24 19:25:00
"25",2017-01-25 17:55:00,2017-01-25 18:55:00,2017-01-25 21:15:00,2017-01-25 19:00:00,2017-01-25 20:40:00,2017-01-25 19:33:00,2017-01-25 20:40:00,2017-01-25 19:30:00
"26",2017-01-26 15:25:00,2017-01-26 17:45:00,2017-01-26 20:40:00,2017-01-26 15:30:00,2017-01-26 20:40:00,2017-01-26 18:00:00,2017-01-26 20:40:00,2017-01-26 19:55:00
"27",2017-01-27 18:50:00,2017-01-27 18:55:00,2017-01-27 11:55:00,2017-01-27 17:55:00,2017-01-27 20:05:00,2017-01-27 17:39:00,2017-01-27 20:40:00,2017-01-27 20:10:00
"28",2017-01-28 19:25:00,2017-01-28 19:45:00,2017-01-28 12:00:00,2017-01-28 19:40:00,2017-01-28 19:55:00,2017-01-28 18:18:00,2017-01-28 20:40:00,2017-01-28 18:15:00
"29",2017-01-29 18:25:00,2017-01-29 18:40:00,2017-01-29 21:00:00,2017-01-29 18:20:00,2017-01-29 20:00:00,2017-01-29 19:25:00,2017-01-29 20:40:00,2017-01-29 19:30:00
"30",2017-01-30 17:55:00,2017-01-30 19:20:00,2017-01-30 20:55:00,2017-01-30 19:40:00,2017-01-30 19:55:00,2017-01-30 19:42:00,2017-01-30 20:40:00,2017-01-30 18:55:00
"31",2017-01-31 20:00:00,2017-01-31 19:15:00,2017-01-31 19:55:00,2017-01-31 19:30:00,2017-01-31 20:35:00,2017-01-31 19:52:00,2017-01-31 20:40:00,2017-01-31 20:20:00
"32",2017-02-01 18:05:00,2017-02-01 19:00:00,2017-02-01 16:00:00,2017-02-01 17:45:00,2017-02-01 19:00:00,2017-02-01 18:06:00,2017-02-01 19:40:00,2017-02-01 18:45:00
"33",2017-02-02 19:40:00,2017-02-02 20:00:00,2017-02-02 21:10:00,2017-02-02 19:45:00,2017-02-02 20:40:00,2017-02-02 20:15:00,2017-02-02 20:40:00,2017-02-02 20:25:00
"34",2017-02-03 21:00:00,2017-02-03 20:00:00,2017-02-03 21:30:00,2017-02-03 21:00:00,2017-02-03 21:00:00,2017-02-03 20:50:00,2017-02-03 20:40:00,2017-02-03 18:35:00
"35",2017-02-04 20:00:00,2017-02-04 18:40:00,2017-02-04 18:55:00,2017-02-04 20:00:00,2017-02-04 18:55:00,2017-02-04 19:30:00,2017-02-04 19:55:00,2017-02-04 18:30:00
"36",2017-02-05 19:20:00,2017-02-05 20:00:00,2017-02-05 17:55:00,2017-02-05 19:10:00,2017-02-05 20:00:00,2017-02-05 19:25:00,2017-02-05 20:40:00,2017-02-05 18:30:00
"37",2017-02-06 18:30:00,2017-02-06 19:25:00,2017-02-06 18:55:00,2017-02-06 18:55:00,2017-02-06 19:40:00,2017-02-06 19:17:00,2017-02-06 20:40:00,2017-02-06 20:00:00
"38",2017-02-07 19:10:00,2017-02-07 19:25:00,2017-02-07 21:00:00,2017-02-07 19:40:00,2017-02-07 20:40:00,2017-02-07 19:59:00,2017-02-07 20:40:00,2017-02-07 20:00:00
"39",2017-02-08 20:00:00,2017-02-08 20:00:00,2017-02-08 19:55:00,2017-02-08 20:00:00,2017-02-08 20:05:00,2017-02-08 20:00:00,2017-02-08 20:05:00,2017-02-08 20:05:00
"40",2017-02-09 19:20:00,2017-02-09 19:40:00,2017-02-09 20:35:00,2017-02-09 19:20:00,2017-02-09 19:45:00,2017-02-09 19:55:00,2017-02-09 20:40:00,2017-02-09 19:30:00
"41",2017-02-10 18:35:00,2017-02-10 19:20:00,2017-02-10 11:55:00,2017-02-10 18:30:00,2017-02-10 19:20:00,2017-02-10 17:48:00,2017-02-10 20:40:00,2017-02-10 19:10:00
"42",2017-02-11 18:25:00,2017-02-11 18:55:00,2017-02-11 18:00:00,2017-02-11 18:35:00,2017-02-11 19:45:00,2017-02-11 18:46:00,2017-02-11 19:55:00,2017-02-11 18:40:00
"43",2017-02-12 18:45:00,2017-02-12 20:00:00,2017-02-12 20:00:00,2017-02-12 19:05:00,2017-02-12 20:05:00,2017-02-12 19:42:00,2017-02-12 20:40:00,2017-02-12 18:45:00
"44",2017-02-13 18:45:00,2017-02-13 19:05:00,2017-02-13 21:55:00,2017-02-13 18:55:00,2017-02-13 20:35:00,2017-02-13 19:52:00,2017-02-13 20:40:00,2017-02-13 19:55:00
"45",2017-02-14 12:00:00,2017-02-14 19:20:00,2017-02-14 20:55:00,2017-02-14 18:55:00,2017-02-14 19:30:00,2017-02-14 18:22:00,2017-02-14 20:40:00,2017-02-14 19:10:00
"46",2017-02-15 20:00:00,2017-02-15 20:00:00,2017-02-15 20:30:00,2017-02-15 21:00:00,2017-02-15 20:05:00,2017-02-15 20:26:00,2017-02-15 20:40:00,2017-02-15 20:35:00
"47",2017-02-16 20:00:00,2017-02-16 19:15:00,2017-02-16 11:55:00,2017-02-16 19:15:00,2017-02-16 20:00:00,2017-02-16 18:06:00,2017-02-16 20:05:00,2017-02-16 19:25:00
"48",2017-02-17 18:55:00,2017-02-17 18:55:00,2017-02-17 20:35:00,2017-02-17 20:00:00,2017-02-17 21:00:00,2017-02-17 19:49:00,2017-02-17 20:40:00,2017-02-17 20:15:00
"49",2017-02-18 19:10:00,2017-02-18 20:00:00,2017-02-18 21:00:00,2017-02-18 20:05:00,2017-02-18 21:00:00,2017-02-18 20:11:00,2017-02-18 20:40:00,2017-02-18 19:15:00
"50",2017-02-19 18:50:00,2017-02-19 19:50:00,2017-02-19 11:55:00,2017-02-19 19:15:00,2017-02-19 18:55:00,2017-02-19 18:06:00,2017-02-19 20:40:00,2017-02-19 18:50:00
"51",2017-02-20 19:55:00,2017-02-20 20:10:00,2017-02-20 19:25:00,2017-02-20 18:50:00,2017-02-20 20:00:00,2017-02-20 19:48:00,2017-02-20 20:40:00,2017-02-20 19:20:00
"52",2017-02-21 20:00:00,2017-02-21 20:00:00,2017-02-21 18:55:00,2017-02-21 20:20:00,2017-02-21 20:00:00,2017-02-21 19:59:00,2017-02-21 20:40:00,2017-02-21 20:35:00
"53",2017-02-22 19:30:00,2017-02-22 20:00:00,2017-02-22 22:15:00,2017-02-22 19:40:00,2017-02-22 20:40:00,2017-02-22 20:25:00,2017-02-22 20:40:00,2017-02-22 19:15:00
"54",2017-02-23 19:25:00,2017-02-23 19:20:00,2017-02-23 19:00:00,2017-02-23 20:00:00,2017-02-23 19:30:00,2017-02-23 19:41:00,2017-02-23 20:40:00,2017-02-23 20:40:00
"55",2017-02-24 18:55:00,2017-02-24 19:55:00,2017-02-24 21:55:00,2017-02-24 18:55:00,2017-02-24 20:40:00,2017-02-24 20:04:00,2017-02-24 20:40:00,2017-02-24 20:15:00
"56",2017-02-25 18:35:00,2017-02-25 19:40:00,2017-02-25 21:20:00,2017-02-25 20:05:00,2017-02-25 19:50:00,2017-02-25 20:04:00,2017-02-25 20:40:00,2017-02-25 19:10:00
"57",2017-02-26 20:50:00,2017-02-26 21:00:00,2017-02-26 21:05:00,2017-02-26 19:20:00,2017-02-26 20:40:00,2017-02-26 20:39:00,2017-02-26 21:00:00,2017-02-26 19:10:00
"58",2017-02-27 18:55:00,2017-02-27 20:00:00,2017-02-27 18:55:00,2017-02-27 19:20:00,2017-02-27 20:40:00,2017-02-27 19:34:00,2017-02-27 20:40:00,2017-02-27 19:45:00
"59",2017-02-28 20:00:00,2017-02-28 20:10:00,2017-02-28 20:20:00,2017-02-28 20:00:00,2017-02-28 20:30:00,2017-02-28 20:14:00,2017-02-28 20:40:00,2017-02-28 19:45:00
"60",2017-03-01 21:00:00,2017-03-01 17:55:00,2017-03-01 18:25:00,2017-03-01 19:00:00,2017-03-01 18:45:00,2017-03-01 19:12:00,2017-03-01 19:40:00,2017-03-01 18:30:00
"61",2017-03-02 21:00:00,2017-03-02 20:00:00,2017-03-02 20:35:00,2017-03-02 20:15:00,2017-03-02 20:40:00,2017-03-02 20:30:00,2017-03-02 20:40:00,2017-03-02 20:35:00
"62",2017-03-03 20:00:00,2017-03-03 19:55:00,2017-03-03 18:40:00,2017-03-03 20:25:00,2017-03-03 20:05:00,2017-03-03 19:56:00,2017-03-03 20:40:00,2017-03-03 20:20:00
"63",2017-03-04 20:10:00,2017-03-04 22:05:00,2017-03-04 22:55:00,2017-03-04 20:00:00,2017-03-04 20:40:00,2017-03-04 21:10:00,2017-03-04 20:40:00,2017-03-04 19:15:00
"64",2017-03-05 18:55:00,2017-03-05 19:10:00,2017-03-05 16:55:00,2017-03-05 19:10:00,2017-03-05 20:00:00,2017-03-05 18:58:00,2017-03-05 20:40:00,2017-03-05 17:25:00
"65",2017-03-06 19:10:00,2017-03-06 13:55:00,2017-03-06 22:00:00,2017-03-06 19:15:00,2017-03-06 19:55:00,2017-03-06 19:00:00,2017-03-06 20:40:00,2017-03-06 16:25:00
"66",2017-03-07 20:00:00,2017-03-07 18:45:00,2017-03-07 14:55:00,2017-03-07 20:00:00,2017-03-07 20:00:00,2017-03-07 18:52:00,2017-03-07 20:40:00,2017-03-07 19:35:00
"67",2017-03-08 19:35:00,2017-03-08 19:55:00,2017-03-08 19:00:00,2017-03-08 18:55:00,2017-03-08 19:45:00,2017-03-08 19:37:00,2017-03-08 20:40:00,2017-03-08 20:20:00
"68",2017-03-09 19:20:00,2017-03-09 19:55:00,2017-03-09 21:35:00,2017-03-09 21:00:00,2017-03-09 20:40:00,2017-03-09 20:30:00,2017-03-09 20:40:00,2017-03-09 20:40:00
"69",2017-03-10 19:45:00,2017-03-10 20:00:00,2017-03-10 19:45:00,2017-03-10 19:35:00,2017-03-10 19:55:00,2017-03-10 19:57:00,2017-03-10 20:40:00,2017-03-10 19:45:00
"70",2017-03-11 20:05:00,2017-03-11 20:00:00,2017-03-11 19:55:00,2017-03-11 20:10:00,2017-03-11 20:00:00,2017-03-11 20:10:00,2017-03-11 20:40:00,2017-03-11 19:50:00
"71",2017-03-12 18:35:00,2017-03-12 19:15:00,2017-03-12 18:00:00,2017-03-12 18:50:00,2017-03-12 19:55:00,2017-03-12 18:55:00,2017-03-12 19:55:00,2017-03-12 18:40:00
"72",2017-03-13 20:15:00,2017-03-13 20:00:00,2017-03-13 20:55:00,2017-03-13 20:00:00,2017-03-13 20:40:00,2017-03-13 20:26:00,2017-03-13 21:00:00,2017-03-13 19:50:00
"73",2017-03-14 19:30:00,2017-03-14 20:00:00,2017-03-14 21:00:00,2017-03-14 21:00:00,2017-03-14 20:35:00,2017-03-14 20:26:00,2017-03-14 20:40:00,2017-03-14 19:50:00
"74",2017-03-15 20:00:00,2017-03-15 20:00:00,2017-03-15 21:00:00,2017-03-15 20:00:00,2017-03-15 20:05:00,2017-03-15 20:20:00,2017-03-15 20:40:00,2017-03-15 20:10:00
"75",2017-03-16 19:50:00,2017-03-16 19:20:00,2017-03-16 20:00:00,2017-03-16 19:40:00,2017-03-16 19:55:00,2017-03-16 19:54:00,2017-03-16 20:40:00,2017-03-16 19:45:00
"76",2017-03-17 20:15:00,2017-03-17 19:45:00,2017-03-17 23:05:00,2017-03-17 20:05:00,2017-03-17 19:55:00,2017-03-17 20:46:00,2017-03-17 20:40:00,2017-03-17 19:35:00
"77",2017-03-18 17:50:00,2017-03-18 20:05:00,2017-03-18 19:50:00,2017-03-18 19:40:00,2017-03-18 20:05:00,2017-03-18 19:37:00,2017-03-18 20:40:00,2017-03-18 19:25:00
"78",2017-03-19 18:55:00,2017-03-19 19:40:00,2017-03-19 19:15:00,2017-03-19 20:00:00,2017-03-19 19:45:00,2017-03-19 19:33:00,2017-03-19 19:55:00,2017-03-19 19:45:00
"79",2017-03-20 19:20:00,2017-03-20 21:00:00,2017-03-20 19:55:00,2017-03-20 21:00:00,2017-03-20 21:00:00,2017-03-20 20:23:00,2017-03-20 20:40:00,2017-03-20 19:55:00
"80",2017-03-21 20:05:00,2017-03-21 20:00:00,2017-03-21 20:55:00,2017-03-21 21:00:00,2017-03-21 20:05:00,2017-03-21 20:32:00,2017-03-21 20:40:00,2017-03-21 20:15:00
"81",2017-03-22 20:05:00,2017-03-22 20:15:00,2017-03-22 19:55:00,2017-03-22 20:10:00,2017-03-22 20:05:00,2017-03-22 20:13:00,2017-03-22 20:40:00,2017-03-22 20:10:00
"82",2017-03-23 19:35:00,2017-03-23 19:25:00,2017-03-23 20:55:00,2017-03-23 20:05:00,2017-03-23 20:05:00,2017-03-23 20:08:00,2017-03-23 20:40:00,2017-03-23 19:40:00
"83",2017-03-24 20:00:00,2017-03-24 12:40:00,2017-03-24 20:00:00,2017-03-24 19:25:00,2017-03-24 20:00:00,2017-03-24 18:37:00,2017-03-24 21:00:00,2017-03-24 20:15:00
"84",2017-03-25 21:00:00,2017-03-25 19:20:00,2017-03-25 19:55:00,2017-03-25 20:00:00,2017-03-25 19:55:00,2017-03-25 20:11:00,2017-03-25 20:40:00,2017-03-25 19:45:00
"85",2017-03-26 19:40:00,2017-03-26 19:25:00,2017-03-26 19:15:00,2017-03-26 20:00:00,2017-03-26 20:00:00,2017-03-26 19:48:00,2017-03-26 20:40:00,2017-03-26 19:55:00
"86",2017-03-27 21:00:00,2017-03-27 21:00:00,2017-03-27 19:55:00,2017-03-27 20:10:00,2017-03-27 21:00:00,2017-03-27 20:37:00,2017-03-27 21:00:00,2017-03-27 20:20:00
"87",2017-03-28 20:15:00,2017-03-28 20:00:00,2017-03-28 21:00:00,2017-03-28 20:00:00,2017-03-28 20:30:00,2017-03-28 20:23:00,2017-03-28 20:40:00,2017-03-28 20:15:00
"88",2017-03-29 19:55:00,2017-03-29 18:55:00,2017-03-29 23:30:00,2017-03-29 20:15:00,2017-03-29 20:05:00,2017-03-29 20:39:00,2017-03-29 20:40:00,2017-03-29 20:10:00
"89",2017-03-30 19:45:00,2017-03-30 19:50:00,2017-03-30 15:55:00,2017-03-30 19:45:00,2017-03-30 19:45:00,2017-03-30 19:11:00,2017-03-30 20:40:00,2017-03-30 20:00:00
"90",2017-03-31 20:00:00,2017-03-31 20:55:00,2017-03-31 13:00:00,2017-03-31 20:00:00,2017-03-31 21:00:00,2017-03-31 18:59:00,2017-03-31 21:00:00,2017-03-31 20:00:00
"91",2017-04-01 18:50:00,2017-04-01 19:00:00,2017-04-01 19:55:00,2017-04-01 19:00:00,2017-04-01 19:30:00,2017-04-01 19:21:00,2017-04-01 20:00:00,2017-04-01 19:10:00
"92",2017-04-02 20:15:00,2017-04-02 19:35:00,2017-04-02 19:45:00,2017-04-02 20:00:00,2017-04-02 20:40:00,2017-04-02 20:03:00,2017-04-02 20:40:00,2017-04-02 19:50:00
"93",2017-04-03 19:45:00,2017-04-03 20:00:00,2017-04-03 22:00:00,2017-04-03 19:50:00,2017-04-03 21:00:00,2017-04-03 20:27:00,2017-04-03 20:40:00,2017-04-03 20:15:00
"94",2017-04-04 20:00:00,2017-04-04 19:55:00,2017-04-04 19:05:00,2017-04-04 21:00:00,2017-04-04 20:00:00,2017-04-04 20:08:00,2017-04-04 20:40:00,2017-04-04 20:25:00
"95",2017-04-05 19:50:00,2017-04-05 20:00:00,2017-04-05 20:00:00,2017-04-05 19:55:00,2017-04-05 20:00:00,2017-04-05 20:05:00,2017-04-05 20:40:00,2017-04-05 20:20:00
"96",2017-04-06 21:25:00,2017-04-06 20:40:00,2017-04-06 19:20:00,2017-04-06 21:00:00,2017-04-06 21:00:00,2017-04-06 20:41:00,2017-04-06 21:00:00,2017-04-06 20:25:00
"97",2017-04-07 21:00:00,2017-04-07 20:05:00,2017-04-07 20:00:00,2017-04-07 20:15:00,2017-04-07 20:00:00,2017-04-07 20:28:00,2017-04-07 21:00:00,2017-04-07 20:30:00
"98",2017-04-08 20:05:00,2017-04-08 20:20:00,2017-04-08 17:55:00,2017-04-08 20:00:00,2017-04-08 20:05:00,2017-04-08 19:48:00,2017-04-08 20:40:00,2017-04-08 20:25:00
"99",2017-04-09 21:00:00,2017-04-09 20:25:00,2017-04-09 20:35:00,2017-04-09 20:15:00,2017-04-09 20:35:00,2017-04-09 20:35:00,2017-04-09 20:40:00,2017-04-09 20:20:00
"100",2017-04-10 20:15:00,2017-04-10 20:15:00,2017-04-10 20:30:00,2017-04-10 20:20:00,2017-04-10 20:30:00,2017-04-10 20:24:00,2017-04-10 20:40:00,2017-04-10 20:35:00
"101",2017-04-11 20:15:00,2017-04-11 20:05:00,2017-04-11 20:25:00,2017-04-11 20:35:00,2017-04-11 20:35:00,2017-04-11 20:24:00,2017-04-11 20:40:00,2017-04-11 20:30:00
"102",2017-04-12 19:50:00,2017-04-12 20:20:00,2017-04-12 20:25:00,2017-04-12 20:20:00,2017-04-12 20:05:00,2017-04-12 20:19:00,2017-04-12 20:40:00,2017-04-12 20:20:00
"103",2017-04-13 21:00:00,2017-04-13 20:40:00,2017-04-13 19:50:00,2017-04-13 21:00:00,2017-04-13 20:40:00,2017-04-13 20:29:00,2017-04-13 19:55:00,2017-04-13 20:20:00
"104",2017-04-14 20:20:00,2017-04-14 19:55:00,2017-04-14 20:45:00,2017-04-14 20:15:00,2017-04-14 20:40:00,2017-04-14 20:23:00,2017-04-14 20:40:00,2017-04-14 20:15:00
"105",2017-04-15 20:05:00,2017-04-15 20:10:00,2017-04-15 20:00:00,2017-04-15 20:10:00,2017-04-15 20:05:00,2017-04-15 20:13:00,2017-04-15 20:40:00,2017-04-15 20:20:00
"106",2017-04-16 21:00:00,2017-04-16 20:30:00,2017-04-16 21:00:00,2017-04-16 20:35:00,2017-04-16 20:40:00,2017-04-16 20:36:00,2017-04-16 19:55:00,2017-04-16 20:20:00
"107",2017-04-17 19:50:00,2017-04-17 20:40:00,2017-04-17 19:30:00,2017-04-17 20:20:00,2017-04-17 20:40:00,2017-04-17 20:12:00,2017-04-17 20:40:00,2017-04-17 20:35:00
"108",2017-04-18 19:50:00,2017-04-18 19:40:00,2017-04-18 20:55:00,2017-04-18 19:55:00,2017-04-18 20:10:00,2017-04-18 20:06:00,2017-04-18 20:10:00,2017-04-18 15:55:00
"109",2017-04-19 19:55:00,2017-04-19 21:00:00,2017-04-19 19:55:00,2017-04-19 21:00:00,2017-04-19 21:00:00,2017-04-19 20:30:00,2017-04-19 20:40:00,2017-04-19 20:15:00
"110",2017-04-20 13:45:00,2017-04-20 15:35:00,2017-04-20 18:00:00,2017-04-20 15:45:00,2017-04-20 21:00:00,2017-04-20 16:38:00,2017-04-20 20:05:00,2017-04-20 13:30:00
"111",2017-04-21 22:00:00,2017-04-21 22:45:00,2017-04-21 21:20:00,2017-04-21 22:00:00,2017-04-21 22:00:00,2017-04-21 21:45:00,2017-04-21 20:40:00,2017-04-21 20:35:00
"112",2017-04-22 20:15:00,2017-04-22 21:05:00,2017-04-22 17:55:00,2017-04-22 19:35:00,2017-04-22 19:55:00,2017-04-22 19:45:00,2017-04-22 19:55:00,2017-04-22 20:30:00
"113",2017-04-23 19:55:00,2017-04-23 20:05:00,2017-04-23 20:30:00,2017-04-23 21:00:00,2017-04-23 20:40:00,2017-04-23 20:17:00,2017-04-23 19:55:00,2017-04-23 20:10:00
"114",2017-04-24 16:00:00,2017-04-24 20:10:00,2017-04-24 21:55:00,2017-04-24 12:50:00,2017-04-24 20:05:00,2017-04-24 18:19:00,2017-04-24 20:40:00,2017-04-24 20:35:00
"115",2017-04-25 16:00:00,2017-04-25 14:05:00,2017-04-25 18:00:00,2017-04-25 16:00:00,2017-04-25 19:55:00,2017-04-25 16:57:00,2017-04-25 20:40:00,2017-04-25 20:15:00
"116",2017-04-26 20:35:00,2017-04-26 20:15:00,2017-04-26 21:05:00,2017-04-26 15:50:00,2017-04-26 20:40:00,2017-04-26 19:41:00,2017-04-26 20:40:00,2017-04-26 15:35:00
"117",2017-04-27 16:00:00,2017-04-27 18:10:00,2017-04-27 21:00:00,2017-04-27 16:00:00,2017-04-27 20:10:00,2017-04-27 18:22:00,2017-04-27 20:40:00,2017-04-27 15:55:00
"118",2017-04-28 15:50:00,2017-04-28 14:50:00,2017-04-28 19:30:00,2017-04-28 18:55:00,2017-04-28 19:55:00,2017-04-28 17:57:00,2017-04-28 20:40:00,2017-04-28 20:35:00
"119",2017-04-29 21:00:00,2017-04-29 21:00:00,2017-04-29 21:30:00,2017-04-29 20:20:00,2017-04-29 21:00:00,2017-04-29 20:54:00,2017-04-29 20:40:00,2017-04-29 20:50:00
"120",2017-04-30 20:45:00,2017-04-30 21:00:00,2017-04-30 21:00:00,2017-04-30 21:00:00,2017-04-30 21:00:00,2017-04-30 20:53:00,2017-04-30 20:40:00,2017-04-30 20:35:00
"121",2017-05-01 19:40:00,2017-05-01 19:30:00,2017-05-01 17:00:00,2017-05-01 15:00:00,2017-05-01 19:40:00,2017-05-01 18:10:00,2017-05-01 19:40:00,2017-05-01 14:35:00
"122",2017-05-02 18:50:00,2017-05-02 17:55:00,2017-05-02 20:25:00,2017-05-02 21:00:00,2017-05-02 20:30:00,2017-05-02 19:50:00,2017-05-02 21:00:00,2017-05-02 20:40:00
"123",2017-05-03 21:00:00,2017-05-03 20:05:00,2017-05-03 22:00:00,2017-05-03 21:00:00,2017-05-03 20:05:00,2017-05-03 20:57:00,2017-05-03 20:40:00,2017-05-03 20:40:00
"124",2017-05-04 18:55:00,2017-05-04 20:25:00,2017-05-04 22:35:00,2017-05-04 20:40:00,2017-05-04 20:40:00,2017-05-04 20:39:00,2017-05-04 20:40:00,2017-05-04 20:25:00
"125",2017-05-05 14:45:00,2017-05-05 17:00:00,2017-05-05 17:00:00,2017-05-05 20:20:00,2017-05-05 20:05:00,2017-05-05 17:48:00,2017-05-05 19:55:00,2017-05-05 16:45:00
"126",2017-05-06 20:40:00,2017-05-06 20:20:00,2017-05-06 22:00:00,2017-05-06 21:00:00,2017-05-06 20:40:00,2017-05-06 20:56:00,2017-05-06 20:40:00,2017-05-06 21:05:00
"127",2017-05-07 18:50:00,2017-05-07 20:35:00,2017-05-07 17:55:00,2017-05-07 20:40:00,2017-05-07 20:40:00,2017-05-07 19:44:00,2017-05-07 20:40:00,2017-05-07 21:15:00
"128",2017-05-08 20:45:00,2017-05-08 20:35:00,2017-05-08 20:00:00,2017-05-08 21:00:00,2017-05-08 20:40:00,2017-05-08 20:36:00,2017-05-08 20:40:00,2017-05-08 20:50:00
"129",2017-05-09 20:40:00,2017-05-09 21:05:00,2017-05-09 20:55:00,2017-05-09 20:45:00,2017-05-09 20:40:00,2017-05-09 20:42:00,2017-05-09 20:05:00,2017-05-09 20:40:00
"130",2017-05-10 20:50:00,2017-05-10 20:45:00,2017-05-10 20:30:00,2017-05-10 20:50:00,2017-05-10 20:40:00,2017-05-10 20:34:00,2017-05-10 19:55:00,2017-05-10 19:25:00
"131",2017-05-11 20:20:00,2017-05-11 21:30:00,2017-05-11 20:15:00,2017-05-11 21:00:00,2017-05-11 20:05:00,2017-05-11 20:45:00,2017-05-11 20:40:00,2017-05-11 21:05:00
"132",2017-05-12 20:50:00,2017-05-12 20:35:00,2017-05-12 20:55:00,2017-05-12 21:00:00,2017-05-12 20:40:00,2017-05-12 20:48:00,2017-05-12 20:40:00,2017-05-12 21:00:00
"133",2017-05-13 21:00:00,2017-05-13 18:55:00,2017-05-13 22:30:00,2017-05-13 21:00:00,2017-05-13 21:00:00,2017-05-13 20:49:00,2017-05-13 20:40:00,2017-05-13 21:20:00
"134",2017-05-14 20:45:00,2017-05-14 21:00:00,2017-05-14 21:00:00,2017-05-14 21:00:00,2017-05-14 20:40:00,2017-05-14 20:53:00,2017-05-14 20:40:00,2017-05-14 20:45:00
"135",2017-05-15 19:55:00,2017-05-15 19:20:00,2017-05-15 11:55:00,2017-05-15 20:35:00,2017-05-15 19:55:00,2017-05-15 18:29:00,2017-05-15 20:40:00,2017-05-15 21:00:00
"136",2017-05-16 19:50:00,2017-05-16 19:55:00,2017-05-16 21:50:00,2017-05-16 20:40:00,2017-05-16 21:00:00,2017-05-16 20:26:00,2017-05-16 19:55:00,2017-05-16 18:45:00
"137",2017-05-17 17:40:00,2017-05-17 18:55:00,2017-05-17 22:00:00,2017-05-17 21:00:00,2017-05-17 20:40:00,2017-05-17 20:03:00,2017-05-17 20:40:00,2017-05-17 21:00:00
"138",2017-05-18 21:00:00,2017-05-18 21:55:00,2017-05-18 20:40:00,2017-05-18 21:00:00,2017-05-18 21:00:00,2017-05-18 21:03:00,2017-05-18 20:40:00,2017-05-18 21:10:00
"139",2017-05-19 21:00:00,2017-05-19 23:00:00,2017-05-19 18:00:00,2017-05-19 20:55:00,2017-05-19 21:00:00,2017-05-19 20:34:00,2017-05-19 19:55:00,2017-05-19 15:50:00
"140",2017-05-20 22:05:00,2017-05-20 22:00:00,2017-05-20 20:55:00,2017-05-20 20:55:00,2017-05-20 20:40:00,2017-05-20 21:19:00,2017-05-20 20:40:00,2017-05-20 21:20:00
"141",2017-05-21 15:45:00,2017-05-21 20:55:00,2017-05-21 16:55:00,2017-05-21 18:15:00,2017-05-21 21:00:00,2017-05-21 18:34:00,2017-05-21 21:00:00,2017-05-21 21:10:00
"142",2017-05-22 15:45:00,2017-05-22 20:40:00,2017-05-22 20:25:00,2017-05-22 20:40:00,2017-05-22 20:40:00,2017-05-22 19:38:00,2017-05-22 20:40:00,2017-05-22 16:25:00
"143",2017-05-23 14:50:00,2017-05-23 17:35:00,2017-05-23 20:00:00,2017-05-23 17:00:00,2017-05-23 19:40:00,2017-05-23 18:01:00,2017-05-23 20:40:00,2017-05-23 15:55:00
"144",2017-05-24 20:50:00,2017-05-24 22:00:00,2017-05-24 21:00:00,2017-05-24 20:40:00,2017-05-24 20:40:00,2017-05-24 20:54:00,2017-05-24 20:00:00,2017-05-24 21:15:00
"145",2017-05-25 20:40:00,2017-05-25 18:15:00,2017-05-25 19:55:00,2017-05-25 20:55:00,2017-05-25 19:50:00,2017-05-25 20:05:00,2017-05-25 20:40:00,2017-05-25 21:25:00
"146",2017-05-26 21:05:00,2017-05-26 22:50:00,2017-05-26 16:00:00,2017-05-26 15:50:00,2017-05-26 20:45:00,2017-05-26 19:17:00,2017-05-26 20:40:00,2017-05-26 21:15:00
"147",2017-05-27 22:00:00,2017-05-27 19:55:00,2017-05-27 17:55:00,2017-05-27 18:55:00,2017-05-27 19:55:00,2017-05-27 19:53:00,2017-05-27 20:40:00,2017-05-27 21:15:00
"148",2017-05-28 17:55:00,2017-05-28 17:10:00,2017-05-28 13:00:00,2017-05-28 17:55:00,2017-05-28 20:40:00,2017-05-28 17:20:00,2017-05-28 20:40:00,2017-05-28 20:50:00
"149",2017-05-29 16:45:00,2017-05-29 21:30:00,2017-05-29 22:55:00,2017-05-29 22:00:00,2017-05-29 20:40:00,2017-05-29 20:46:00,2017-05-29 20:40:00,2017-05-29 12:55:00
"150",2017-05-30 17:05:00,2017-05-30 19:55:00,2017-05-30 20:00:00,2017-05-30 17:00:00,2017-05-30 20:40:00,2017-05-30 18:47:00,2017-05-30 19:55:00,2017-05-30 21:25:00
"151",2017-05-31 20:40:00,2017-05-31 21:15:00,2017-05-31 19:55:00,2017-05-31 21:00:00,2017-05-31 20:40:00,2017-05-31 20:42:00,2017-05-31 20:40:00,2017-05-31 21:25:00
"152",2017-06-01 19:50:00,2017-06-01 19:55:00,2017-06-01 21:55:00,2017-06-01 19:45:00,2017-06-01 19:40:00,2017-06-01 20:04:00,2017-06-01 18:55:00,2017-06-01 20:00:00
"153",2017-06-02 16:45:00,2017-06-02 20:55:00,2017-06-02 19:55:00,2017-06-02 21:15:00,2017-06-02 20:40:00,2017-06-02 19:54:00,2017-06-02 20:40:00,2017-06-02 21:20:00
"154",2017-06-03 21:25:00,2017-06-03 20:45:00,2017-06-03 22:00:00,2017-06-03 21:15:00,2017-06-03 20:40:00,2017-06-03 21:13:00,2017-06-03 20:40:00,2017-06-03 21:15:00
"155",2017-06-04 19:30:00,2017-06-04 21:10:00,2017-06-04 20:55:00,2017-06-04 21:00:00,2017-06-04 20:40:00,2017-06-04 20:39:00,2017-06-04 20:40:00,2017-06-04 19:30:00
"156",2017-06-05 19:55:00,2017-06-05 20:55:00,2017-06-05 21:10:00,2017-06-05 19:15:00,2017-06-05 20:40:00,2017-06-05 20:23:00,2017-06-05 20:40:00,2017-06-05 21:30:00
"157",2017-06-06 20:45:00,2017-06-06 20:35:00,2017-06-06 21:00:00,2017-06-06 21:25:00,2017-06-06 20:40:00,2017-06-06 20:53:00,2017-06-06 20:40:00,2017-06-06 19:40:00
"158",2017-06-07 20:55:00,2017-06-07 20:55:00,2017-06-07 20:55:00,2017-06-07 21:00:00,2017-06-07 20:40:00,2017-06-07 20:53:00,2017-06-07 20:40:00,2017-06-07 19:40:00
"159",2017-06-08 19:30:00,2017-06-08 19:55:00,2017-06-08 15:55:00,2017-06-08 19:40:00,2017-06-08 20:40:00,2017-06-08 19:08:00,2017-06-08 20:40:00,2017-06-08 20:25:00
"160",2017-06-09 20:20:00,2017-06-09 21:40:00,2017-06-09 20:00:00,2017-06-09 20:55:00,2017-06-09 20:40:00,2017-06-09 20:43:00,2017-06-09 20:40:00,2017-06-09 21:15:00
"161",2017-06-10 20:05:00,2017-06-10 22:00:00,2017-06-10 20:10:00,2017-06-10 22:00:00,2017-06-10 20:05:00,2017-06-10 20:59:00,2017-06-10 20:40:00,2017-06-10 21:25:00
"162",2017-06-11 18:50:00,2017-06-11 22:00:00,2017-06-11 19:55:00,2017-06-11 18:55:00,2017-06-11 19:55:00,2017-06-11 20:04:00,2017-06-11 20:40:00,2017-06-11 21:20:00
"163",2017-06-12 20:40:00,2017-06-12 20:15:00,2017-06-12 21:00:00,2017-06-12 20:30:00,2017-06-12 20:40:00,2017-06-12 20:37:00,2017-06-12 20:40:00,2017-06-12 19:45:00
"164",2017-06-13 19:35:00,2017-06-13 21:30:00,2017-06-13 17:55:00,2017-06-13 19:50:00,2017-06-13 19:55:00,2017-06-13 19:54:00,2017-06-13 20:40:00,2017-06-13 15:50:00
"165",2017-06-14 21:25:00,2017-06-14 21:25:00,2017-06-14 19:15:00,2017-06-14 18:55:00,2017-06-14 20:05:00,2017-06-14 20:20:00,2017-06-14 20:40:00,2017-06-14 13:15:00
"166",2017-06-15 21:25:00,2017-06-15 21:25:00,2017-06-15 19:55:00,2017-06-15 20:15:00,2017-06-15 19:55:00,2017-06-15 20:35:00,2017-06-15 19:55:00,2017-06-15 14:20:00
"167",2017-06-16 20:20:00,2017-06-16 21:25:00,2017-06-16 19:55:00,2017-06-16 19:40:00,2017-06-16 19:55:00,2017-06-16 20:24:00,2017-06-16 20:40:00,2017-06-16 20:25:00
"168",2017-06-17 19:50:00,2017-06-17 18:55:00,2017-06-17 19:30:00,2017-06-17 20:00:00,2017-06-17 19:55:00,2017-06-17 19:38:00,2017-06-17 19:55:00,2017-06-17 17:15:00
"169",2017-06-18 20:45:00,2017-06-18 21:20:00,2017-06-18 21:40:00,2017-06-18 22:00:00,2017-06-18 20:40:00,2017-06-18 21:17:00,2017-06-18 20:40:00,2017-06-18 21:20:00
"170",2017-06-19 18:50:00,2017-06-19 18:40:00,2017-06-19 19:55:00,2017-06-19 19:50:00,2017-06-19 20:40:00,2017-06-19 19:35:00,2017-06-19 20:40:00,2017-06-19 19:45:00
"171",2017-06-20 20:00:00,2017-06-20 20:00:00,2017-06-20 18:55:00,2017-06-20 21:00:00,2017-06-20 20:05:00,2017-06-20 20:07:00,2017-06-20 20:40:00,2017-06-20 20:25:00
"172",2017-06-21 12:05:00,2017-06-21 20:00:00,2017-06-21 20:05:00,2017-06-21 21:25:00,2017-06-21 20:40:00,2017-06-21 18:51:00,2017-06-21 20:40:00,2017-06-21 20:50:00
"173",2017-06-22 21:00:00,2017-06-22 19:55:00,2017-06-22 19:30:00,2017-06-22 21:25:00,2017-06-22 20:05:00,2017-06-22 20:30:00,2017-06-22 20:40:00,2017-06-22 19:40:00
"174",2017-06-23 21:10:00,2017-06-23 19:55:00,2017-06-23 20:00:00,2017-06-23 19:55:00,2017-06-23 19:55:00,2017-06-23 20:20:00,2017-06-23 20:40:00,2017-06-23 17:25:00
"175",2017-06-24 18:50:00,2017-06-24 19:55:00,2017-06-24 19:55:00,2017-06-24 19:20:00,2017-06-24 20:40:00,2017-06-24 19:44:00,2017-06-24 20:40:00,2017-06-24 19:55:00
"176",2017-06-25 19:50:00,2017-06-25 21:15:00,2017-06-25 14:00:00,2017-06-25 18:55:00,2017-06-25 20:00:00,2017-06-25 18:56:00,2017-06-25 20:40:00,2017-06-25 18:40:00
"177",2017-06-26 20:35:00,2017-06-26 20:00:00,2017-06-26 20:10:00,2017-06-26 20:00:00,2017-06-26 20:05:00,2017-06-26 20:21:00,2017-06-26 21:00:00,2017-06-26 13:25:00
"178",2017-06-27 21:25:00,2017-06-27 18:55:00,2017-06-27 19:55:00,2017-06-27 21:15:00,2017-06-27 19:55:00,2017-06-27 20:26:00,2017-06-27 20:40:00,2017-06-27 19:15:00
"179",2017-06-28 18:25:00,2017-06-28 20:05:00,2017-06-28 18:55:00,2017-06-28 18:55:00,2017-06-28 20:00:00,2017-06-28 19:24:00,2017-06-28 20:40:00,2017-06-28 21:15:00
"180",2017-06-29 20:20:00,2017-06-29 18:55:00,2017-06-29 19:55:00,2017-06-29 18:50:00,2017-06-29 20:40:00,2017-06-29 19:44:00,2017-06-29 20:40:00,2017-06-29 13:00:00
"181",2017-06-30 12:15:00,2017-06-30 16:00:00,2017-06-30 20:35:00,2017-06-30 20:10:00,2017-06-30 20:40:00,2017-06-30 17:56:00,2017-06-30 20:40:00,2017-06-30 21:55:00
"182",2017-07-01 19:35:00,2017-07-01 12:10:00,2017-07-01 17:10:00,2017-07-01 21:00:00,2017-07-01 19:05:00,2017-07-01 17:55:00,2017-07-01 19:40:00,2017-07-01 11:55:00
"183",2017-07-02 18:55:00,2017-07-02 20:20:00,2017-07-02 18:55:00,2017-07-02 20:40:00,2017-07-02 20:05:00,2017-07-02 19:45:00,2017-07-02 19:55:00,2017-07-02 21:35:00
"184",2017-07-03 18:30:00,2017-07-03 22:00:00,2017-07-03 17:55:00,2017-07-03 22:00:00,2017-07-03 20:40:00,2017-07-03 20:13:00,2017-07-03 20:40:00,2017-07-03 19:15:00
"185",2017-07-04 21:00:00,2017-07-04 21:30:00,2017-07-04 18:55:00,2017-07-04 18:55:00,2017-07-04 20:40:00,2017-07-04 20:12:00,2017-07-04 20:40:00,2017-07-04 19:40:00
"186",2017-07-05 19:40:00,2017-07-05 19:00:00,2017-07-05 23:00:00,2017-07-05 19:40:00,2017-07-05 19:45:00,2017-07-05 20:24:00,2017-07-05 20:40:00,2017-07-05 19:50:00
"187",2017-07-06 18:55:00,2017-07-06 18:55:00,2017-07-06 18:55:00,2017-07-06 18:55:00,2017-07-06 18:55:00,2017-07-06 19:20:00,2017-07-06 21:00:00,2017-07-06 18:20:00
"188",2017-07-07 19:15:00,2017-07-07 20:00:00,2017-07-07 20:05:00,2017-07-07 18:55:00,2017-07-07 20:00:00,2017-07-07 19:47:00,2017-07-07 20:40:00,2017-07-07 19:00:00
"189",2017-07-08 13:55:00,2017-07-08 19:45:00,2017-07-08 12:55:00,2017-07-08 13:55:00,2017-07-08 19:55:00,2017-07-08 16:14:00,2017-07-08 20:40:00,2017-07-08 16:25:00
"190",2017-07-09 15:40:00,2017-07-09 15:55:00,2017-07-09 21:00:00,2017-07-09 16:40:00,2017-07-09 19:55:00,2017-07-09 17:50:00,2017-07-09 19:55:00,2017-07-09 16:40:00
"191",2017-07-10 18:45:00,2017-07-10 20:35:00,2017-07-10 19:25:00,2017-07-10 18:55:00,2017-07-10 19:55:00,2017-07-10 19:40:00,2017-07-10 20:40:00,2017-07-10 19:10:00
"192",2017-07-11 20:00:00,2017-07-11 20:00:00,2017-07-11 20:35:00,2017-07-11 17:30:00,2017-07-11 20:05:00,2017-07-11 19:45:00,2017-07-11 20:40:00,2017-07-11 15:45:00
"193",2017-07-12 21:30:00,2017-07-12 20:00:00,2017-07-12 15:55:00,2017-07-12 19:45:00,2017-07-12 20:05:00,2017-07-12 19:34:00,2017-07-12 20:40:00,2017-07-12 19:10:00
"194",2017-07-13 20:00:00,2017-07-13 21:00:00,2017-07-13 16:00:00,2017-07-13 19:25:00,2017-07-13 19:55:00,2017-07-13 19:16:00,2017-07-13 19:55:00,2017-07-13 21:00:00
"195",2017-07-14 20:00:00,2017-07-14 21:00:00,2017-07-14 21:00:00,2017-07-14 18:55:00,2017-07-14 20:00:00,2017-07-14 20:19:00,2017-07-14 20:40:00,2017-07-14 19:55:00
"196",2017-07-15 19:35:00,2017-07-15 21:20:00,2017-07-15 17:55:00,2017-07-15 19:35:00,2017-07-15 19:55:00,2017-07-15 19:49:00,2017-07-15 20:40:00,2017-07-15 17:50:00
"197",2017-07-16 22:00:00,2017-07-16 19:35:00,2017-07-16 18:55:00,2017-07-16 20:00:00,2017-07-16 19:55:00,2017-07-16 20:14:00,2017-07-16 20:40:00,2017-07-16 19:30:00
"198",2017-07-17 21:20:00,2017-07-17 20:00:00,2017-07-17 20:55:00,2017-07-17 19:50:00,2017-07-17 20:00:00,2017-07-17 20:33:00,2017-07-17 20:40:00,2017-07-17 16:25:00
"199",2017-07-18 19:05:00,2017-07-18 18:55:00,2017-07-18 18:25:00,2017-07-18 20:00:00,2017-07-18 20:40:00,2017-07-18 19:25:00,2017-07-18 20:40:00,2017-07-18 19:05:00
"200",2017-07-19 15:45:00,2017-07-19 15:55:00,2017-07-19 16:55:00,2017-07-19 18:40:00,2017-07-19 19:55:00,2017-07-19 17:26:00,2017-07-19 19:55:00,2017-07-19 20:50:00
"201",2017-07-20 17:45:00,2017-07-20 19:30:00,2017-07-20 21:00:00,2017-07-20 19:25:00,2017-07-20 21:00:00,2017-07-20 19:40:00,2017-07-20 20:40:00,2017-07-20 19:45:00
"202",2017-07-21 18:25:00,2017-07-21 18:55:00,2017-07-21 20:35:00,2017-07-21 18:55:00,2017-07-21 20:40:00,2017-07-21 19:30:00,2017-07-21 20:40:00,2017-07-21 12:30:00
"203",2017-07-22 21:00:00,2017-07-22 21:20:00,2017-07-22 19:00:00,2017-07-22 18:05:00,2017-07-22 19:55:00,2017-07-22 20:01:00,2017-07-22 20:40:00,2017-07-22 17:10:00
"204",2017-07-23 19:25:00,2017-07-23 18:15:00,2017-07-23 21:00:00,2017-07-23 19:00:00,2017-07-23 21:00:00,2017-07-23 19:40:00,2017-07-23 20:40:00,2017-07-23 19:50:00
"205",2017-07-24 18:55:00,2017-07-24 17:10:00,2017-07-24 17:55:00,2017-07-24 18:55:00,2017-07-24 18:55:00,2017-07-24 18:43:00,2017-07-24 20:40:00,2017-07-24 19:20:00
"206",2017-07-25 18:55:00,2017-07-25 19:55:00,2017-07-25 20:00:00,2017-07-25 19:55:00,2017-07-25 19:55:00,2017-07-25 19:53:00,2017-07-25 20:40:00,2017-07-25 21:00:00
"207",2017-07-26 21:00:00,2017-07-26 21:05:00,2017-07-26 21:00:00,2017-07-26 18:55:00,2017-07-26 20:40:00,2017-07-26 20:32:00,2017-07-26 20:40:00,2017-07-26 19:30:00
"208",2017-07-27 20:35:00,2017-07-27 21:00:00,2017-07-27 21:25:00,2017-07-27 20:55:00,2017-07-27 20:40:00,2017-07-27 20:55:00,2017-07-27 20:40:00,2017-07-27 18:15:00
"209",2017-07-28 17:55:00,2017-07-28 19:25:00,2017-07-28 13:55:00,2017-07-28 18:40:00,2017-07-28 19:55:00,2017-07-28 18:07:00,2017-07-28 20:40:00,2017-07-28 18:50:00
"210",2017-07-29 17:55:00,2017-07-29 18:55:00,2017-07-29 18:55:00,2017-07-29 17:55:00,2017-07-29 20:35:00,2017-07-29 18:52:00,2017-07-29 20:40:00,2017-07-29 19:10:00
"211",2017-07-30 19:05:00,2017-07-30 18:35:00,2017-07-30 21:55:00,2017-07-30 19:30:00,2017-07-30 19:55:00,2017-07-30 19:57:00,2017-07-30 20:40:00,2017-07-30 18:55:00
"212",2017-07-31 19:30:00,2017-07-31 20:10:00,2017-07-31 18:55:00,2017-07-31 19:10:00,2017-07-31 20:10:00,2017-07-31 19:41:00,2017-07-31 20:40:00,2017-07-31 19:10:00
"213",2017-08-01 17:35:00,2017-08-01 20:00:00,2017-08-01 18:00:00,2017-08-01 18:20:00,2017-08-01 18:45:00,2017-08-01 18:44:00,2017-08-01 19:45:00,2017-08-01 17:25:00
"214",2017-08-02 18:20:00,2017-08-02 18:10:00,2017-08-02 18:55:00,2017-08-02 18:40:00,2017-08-02 20:05:00,2017-08-02 18:57:00,2017-08-02 20:40:00,2017-08-02 18:20:00
"215",2017-08-03 18:15:00,2017-08-03 19:00:00,2017-08-03 20:25:00,2017-08-03 18:20:00,2017-08-03 19:55:00,2017-08-03 19:11:00,2017-08-03 19:55:00,2017-08-03 19:25:00
"216",2017-08-04 15:10:00,2017-08-04 20:30:00,2017-08-04 18:00:00,2017-08-04 18:30:00,2017-08-04 20:40:00,2017-08-04 18:34:00,2017-08-04 20:40:00,2017-08-04 21:00:00
"217",2017-08-05 14:50:00,2017-08-05 18:25:00,2017-08-05 19:00:00,2017-08-05 21:00:00,2017-08-05 19:55:00,2017-08-05 18:47:00,2017-08-05 20:40:00,2017-08-05 20:55:00
"218",2017-08-06 18:35:00,2017-08-06 18:55:00,2017-08-06 17:55:00,2017-08-06 20:35:00,2017-08-06 20:00:00,2017-08-06 19:20:00,2017-08-06 20:40:00,2017-08-06 19:05:00
"219",2017-08-07 19:35:00,2017-08-07 19:30:00,2017-08-07 17:55:00,2017-08-07 17:55:00,2017-08-07 19:40:00,2017-08-07 19:07:00,2017-08-07 20:40:00,2017-08-07 18:55:00
"220",2017-08-08 16:00:00,2017-08-08 18:25:00,2017-08-08 19:10:00,2017-08-08 17:55:00,2017-08-08 19:55:00,2017-08-08 18:19:00,2017-08-08 20:05:00,2017-08-08 14:40:00
"221",2017-08-09 21:00:00,2017-08-09 21:00:00,2017-08-09 21:20:00,2017-08-09 21:00:00,2017-08-09 21:00:00,2017-08-09 20:51:00,2017-08-09 19:55:00,2017-08-09 14:40:00
"222",2017-08-10 18:45:00,2017-08-10 18:55:00,2017-08-10 13:00:00,2017-08-10 21:00:00,2017-08-10 21:00:00,2017-08-10 18:32:00,2017-08-10 21:00:00,2017-08-10 12:00:00
"223",2017-08-11 18:45:00,2017-08-11 21:00:00,2017-08-11 20:55:00,2017-08-11 21:00:00,2017-08-11 21:00:00,2017-08-11 20:28:00,2017-08-11 20:40:00,2017-08-11 19:35:00
"224",2017-08-12 19:45:00,2017-08-12 18:30:00,2017-08-12 16:55:00,2017-08-12 20:25:00,2017-08-12 19:55:00,2017-08-12 19:06:00,2017-08-12 19:55:00,2017-08-12 16:15:00
"225",2017-08-13 19:40:00,2017-08-13 20:45:00,2017-08-13 18:55:00,2017-08-13 20:50:00,2017-08-13 20:40:00,2017-08-13 20:10:00,2017-08-13 20:40:00,2017-08-13 21:00:00
"226",2017-08-14 19:45:00,2017-08-14 19:55:00,2017-08-14 19:00:00,2017-08-14 20:55:00,2017-08-14 19:55:00,2017-08-14 20:03:00,2017-08-14 20:40:00,2017-08-14 12:00:00
"227",2017-08-15 18:50:00,2017-08-15 11:55:00,2017-08-15 19:05:00,2017-08-15 18:55:00,2017-08-15 20:40:00,2017-08-15 17:53:00,2017-08-15 20:40:00,2017-08-15 18:55:00
"228",2017-08-16 18:35:00,2017-08-16 12:55:00,2017-08-16 12:25:00,2017-08-16 18:45:00,2017-08-16 20:40:00,2017-08-16 16:40:00,2017-08-16 20:40:00,2017-08-16 20:15:00
"229",2017-08-17 11:55:00,2017-08-17 15:15:00,2017-08-17 13:55:00,2017-08-17 11:55:00,2017-08-17 20:40:00,2017-08-17 14:44:00,2017-08-17 20:40:00,2017-08-17 15:55:00
"230",2017-08-18 18:35:00,2017-08-18 18:10:00,2017-08-18 19:35:00,2017-08-18 18:55:00,2017-08-18 20:40:00,2017-08-18 19:11:00,2017-08-18 20:40:00,2017-08-18 20:50:00
"231",2017-08-19 19:35:00,2017-08-19 21:00:00,2017-08-19 21:00:00,2017-08-19 20:35:00,2017-08-19 21:00:00,2017-08-19 20:34:00,2017-08-19 20:40:00,2017-08-19 18:45:00
"232",2017-08-20 21:00:00,2017-08-20 20:35:00,2017-08-20 19:55:00,2017-08-20 19:30:00,2017-08-20 20:40:00,2017-08-20 20:12:00,2017-08-20 20:00:00,2017-08-20 20:20:00
"233",2017-08-21 18:40:00,2017-08-21 20:35:00,2017-08-21 14:45:00,2017-08-21 18:55:00,2017-08-21 20:40:00,2017-08-21 18:43:00,2017-08-21 20:40:00,2017-08-21 20:20:00
"234",2017-08-22 20:40:00,2017-08-22 20:25:00,2017-08-22 20:40:00,2017-08-22 19:45:00,2017-08-22 20:40:00,2017-08-22 20:26:00,2017-08-22 20:40:00,2017-08-22 20:25:00
"235",2017-08-23 12:55:00,2017-08-23 21:10:00,2017-08-23 19:55:00,2017-08-23 20:20:00,2017-08-23 19:55:00,2017-08-23 18:51:00,2017-08-23 19:55:00,2017-08-23 15:15:00
"236",2017-08-24 20:50:00,2017-08-24 17:05:00,2017-08-24 20:50:00,2017-08-24 15:50:00,2017-08-24 20:40:00,2017-08-24 19:03:00,2017-08-24 20:40:00,2017-08-24 20:45:00
"237",2017-08-25 20:25:00,2017-08-25 20:40:00,2017-08-25 19:10:00,2017-08-25 20:45:00,2017-08-25 20:40:00,2017-08-25 20:20:00,2017-08-25 20:40:00,2017-08-25 20:20:00
"238",2017-08-26 21:00:00,2017-08-26 20:20:00,2017-08-26 19:55:00,2017-08-26 21:00:00,2017-08-26 20:40:00,2017-08-26 20:35:00,2017-08-26 20:40:00,2017-08-26 20:45:00
"239",2017-08-27 14:45:00,2017-08-27 20:20:00,2017-08-27 12:15:00,2017-08-27 18:55:00,2017-08-27 19:45:00,2017-08-27 17:14:00,2017-08-27 19:55:00,2017-08-27 20:00:00
"240",2017-08-28 18:35:00,2017-08-28 21:00:00,2017-08-28 15:55:00,2017-08-28 19:35:00,2017-08-28 19:55:00,2017-08-28 18:59:00,2017-08-28 19:50:00,2017-08-28 20:20:00
"241",2017-08-29 19:30:00,2017-08-29 16:05:00,2017-08-29 20:00:00,2017-08-29 20:20:00,2017-08-29 20:00:00,2017-08-29 19:19:00,2017-08-29 20:40:00,2017-08-29 20:10:00
"242",2017-08-30 20:30:00,2017-08-30 19:00:00,2017-08-30 21:00:00,2017-08-30 19:55:00,2017-08-30 19:55:00,2017-08-30 20:04:00,2017-08-30 19:55:00,2017-08-30 20:10:00
"243",2017-08-31 22:00:00,2017-08-31 21:00:00,2017-08-31 20:00:00,2017-08-31 21:00:00,2017-08-31 19:55:00,2017-08-31 20:47:00,2017-08-31 19:55:00,2017-08-31 20:10:00
"244",2017-09-01 19:55:00,2017-09-01 20:00:00,2017-09-01 20:10:00,2017-09-01 21:00:00,2017-09-01 20:05:00,2017-09-01 20:21:00,2017-09-01 20:40:00,2017-09-01 20:00:00
"245",2017-09-02 19:55:00,2017-09-02 20:00:00,2017-09-02 17:55:00,2017-09-02 19:55:00,2017-09-02 19:55:00,2017-09-02 19:32:00,2017-09-02 19:55:00,2017-09-02 20:20:00
"246",2017-09-03 20:30:00,2017-09-03 18:55:00,2017-09-03 18:55:00,2017-09-03 18:55:00,2017-09-03 20:30:00,2017-09-03 19:35:00,2017-09-03 20:40:00,2017-09-03 16:25:00
"247",2017-09-04 20:05:00,2017-09-04 16:30:00,2017-09-04 12:00:00,2017-09-04 20:10:00,2017-09-04 20:40:00,2017-09-04 17:53:00,2017-09-04 20:40:00,2017-09-04 20:00:00
"248",2017-09-05 20:05:00,2017-09-05 19:55:00,2017-09-05 19:50:00,2017-09-05 20:05:00,2017-09-05 20:05:00,2017-09-05 20:07:00,2017-09-05 20:40:00,2017-09-05 20:05:00
"249",2017-09-06 20:00:00,2017-09-06 20:05:00,2017-09-06 19:55:00,2017-09-06 19:55:00,2017-09-06 20:05:00,2017-09-06 20:07:00,2017-09-06 20:40:00,2017-09-06 19:50:00
"250",2017-09-07 19:50:00,2017-09-07 19:55:00,2017-09-07 20:00:00,2017-09-07 19:55:00,2017-09-07 20:05:00,2017-09-07 20:04:00,2017-09-07 20:40:00,2017-09-07 20:05:00
"251",2017-09-08 20:20:00,2017-09-08 20:00:00,2017-09-08 19:55:00,2017-09-08 20:00:00,2017-09-08 20:10:00,2017-09-08 20:11:00,2017-09-08 20:40:00,2017-09-08 20:40:00
"252",2017-09-09 20:10:00,2017-09-09 19:55:00,2017-09-09 21:00:00,2017-09-09 20:15:00,2017-09-09 20:05:00,2017-09-09 20:24:00,2017-09-09 20:40:00,2017-09-09 20:45:00
"253",2017-09-10 20:00:00,2017-09-10 18:55:00,2017-09-10 20:00:00,2017-09-10 21:00:00,2017-09-10 19:55:00,2017-09-10 19:58:00,2017-09-10 19:55:00,2017-09-10 19:50:00
"254",2017-09-11 19:55:00,2017-09-11 18:55:00,2017-09-11 18:55:00,2017-09-11 21:00:00,2017-09-11 19:55:00,2017-09-11 19:44:00,2017-09-11 19:55:00,2017-09-11 20:00:00
"255",2017-09-12 19:35:00,2017-09-12 21:00:00,2017-09-12 19:55:00,2017-09-12 18:55:00,2017-09-12 20:05:00,2017-09-12 20:01:00,2017-09-12 20:40:00,2017-09-12 19:40:00
"256",2017-09-13 19:45:00,2017-09-13 18:55:00,2017-09-13 11:55:00,2017-09-13 19:45:00,2017-09-13 19:55:00,2017-09-13 18:12:00,2017-09-13 20:40:00,2017-09-13 19:45:00
"257",2017-09-14 19:40:00,2017-09-14 19:25:00,2017-09-14 19:55:00,2017-09-14 20:00:00,2017-09-14 19:55:00,2017-09-14 19:56:00,2017-09-14 20:40:00,2017-09-14 19:15:00
"258",2017-09-15 20:00:00,2017-09-15 19:50:00,2017-09-15 22:15:00,2017-09-15 17:55:00,2017-09-15 20:40:00,2017-09-15 20:08:00,2017-09-15 20:40:00,2017-09-15 19:30:00
"259",2017-09-16 20:00:00,2017-09-16 19:30:00,2017-09-16 20:10:00,2017-09-16 20:00:00,2017-09-16 20:00:00,2017-09-16 20:04:00,2017-09-16 20:40:00,2017-09-16 19:30:00
"260",2017-09-17 19:45:00,2017-09-17 19:25:00,2017-09-17 20:00:00,2017-09-17 18:50:00,2017-09-17 20:00:00,2017-09-17 19:44:00,2017-09-17 20:40:00,2017-09-17 19:45:00
"261",2017-09-18 20:00:00,2017-09-18 20:00:00,2017-09-18 18:45:00,2017-09-18 18:55:00,2017-09-18 20:00:00,2017-09-18 19:40:00,2017-09-18 20:40:00,2017-09-18 19:20:00
"262",2017-09-19 20:00:00,2017-09-19 20:00:00,2017-09-19 20:00:00,2017-09-19 20:00:00,2017-09-19 20:00:00,2017-09-19 20:08:00,2017-09-19 20:40:00,2017-09-19 19:40:00
"263",2017-09-20 19:30:00,2017-09-20 19:45:00,2017-09-20 21:00:00,2017-09-20 18:55:00,2017-09-20 20:05:00,2017-09-20 19:58:00,2017-09-20 20:40:00,2017-09-20 19:45:00
"264",2017-09-21 20:00:00,2017-09-21 19:10:00,2017-09-21 18:55:00,2017-09-21 20:00:00,2017-09-21 20:05:00,2017-09-21 19:45:00,2017-09-21 20:40:00,2017-09-21 20:00:00
"265",2017-09-22 19:25:00,2017-09-22 15:00:00,2017-09-22 18:55:00,2017-09-22 19:40:00,2017-09-22 19:55:00,2017-09-22 18:44:00,2017-09-22 20:40:00,2017-09-22 19:35:00
"266",2017-09-23 20:00:00,2017-09-23 20:20:00,2017-09-23 19:25:00,2017-09-23 20:05:00,2017-09-23 19:55:00,2017-09-23 19:57:00,2017-09-23 19:55:00,2017-09-23 19:40:00
"267",2017-09-24 20:00:00,2017-09-24 19:30:00,2017-09-24 20:55:00,2017-09-24 20:00:00,2017-09-24 20:05:00,2017-09-24 20:13:00,2017-09-24 20:40:00,2017-09-24 19:50:00
"268",2017-09-25 20:00:00,2017-09-25 19:30:00,2017-09-25 20:00:00,2017-09-25 19:45:00,2017-09-25 20:05:00,2017-09-25 19:52:00,2017-09-25 20:05:00,2017-09-25 19:45:00
"269",2017-09-26 20:00:00,2017-09-26 18:45:00,2017-09-26 17:55:00,2017-09-26 19:50:00,2017-09-26 19:40:00,2017-09-26 19:26:00,2017-09-26 20:40:00,2017-09-26 19:30:00
"270",2017-09-27 18:50:00,2017-09-27 19:40:00,2017-09-27 20:00:00,2017-09-27 18:50:00,2017-09-27 20:00:00,2017-09-27 19:36:00,2017-09-27 20:40:00,2017-09-27 19:45:00
"271",2017-09-28 19:40:00,2017-09-28 19:30:00,2017-09-28 19:00:00,2017-09-28 20:00:00,2017-09-28 20:05:00,2017-09-28 19:46:00,2017-09-28 20:40:00,2017-09-28 19:10:00
"272",2017-09-29 19:30:00,2017-09-29 19:30:00,2017-09-29 16:55:00,2017-09-29 19:35:00,2017-09-29 19:55:00,2017-09-29 19:14:00,2017-09-29 20:40:00,2017-09-29 19:05:00
"273",2017-09-30 18:10:00,2017-09-30 19:05:00,2017-09-30 19:55:00,2017-09-30 20:00:00,2017-09-30 19:55:00,2017-09-30 19:34:00,2017-09-30 20:40:00,2017-09-30 19:30:00
"274",2017-10-01 20:00:00,2017-10-01 20:00:00,2017-10-01 20:00:00,2017-10-01 20:00:00,2017-10-01 20:00:00,2017-10-01 20:08:00,2017-10-01 20:40:00,2017-10-01 19:15:00
"275",2017-10-02 19:10:00,2017-10-02 16:05:00,2017-10-02 18:45:00,2017-10-02 20:00:00,2017-10-02 18:55:00,2017-10-02 18:56:00,2017-10-02 20:40:00,2017-10-02 18:45:00
"276",2017-10-03 18:45:00,2017-10-03 18:40:00,2017-10-03 18:55:00,2017-10-03 18:55:00,2017-10-03 18:40:00,2017-10-03 19:11:00,2017-10-03 20:40:00,2017-10-03 19:20:00
"277",2017-10-04 20:00:00,2017-10-04 20:00:00,2017-10-04 18:55:00,2017-10-04 20:00:00,2017-10-04 20:00:00,2017-10-04 19:55:00,2017-10-04 20:40:00,2017-10-04 19:20:00
"278",2017-10-05 18:55:00,2017-10-05 18:30:00,2017-10-05 20:55:00,2017-10-05 19:15:00,2017-10-05 20:40:00,2017-10-05 19:39:00,2017-10-05 20:40:00,2017-10-05 19:35:00
"279",2017-10-06 20:00:00,2017-10-06 19:15:00,2017-10-06 18:55:00,2017-10-06 19:00:00,2017-10-06 20:05:00,2017-10-06 19:38:00,2017-10-06 21:00:00,2017-10-06 19:05:00
"280",2017-10-07 19:20:00,2017-10-07 19:00:00,2017-10-07 20:10:00,2017-10-07 18:55:00,2017-10-07 20:05:00,2017-10-07 19:37:00,2017-10-07 20:40:00,2017-10-07 19:15:00
"281",2017-10-08 19:10:00,2017-10-08 18:45:00,2017-10-08 19:45:00,2017-10-08 20:00:00,2017-10-08 20:05:00,2017-10-08 19:40:00,2017-10-08 20:40:00,2017-10-08 15:05:00
"282",2017-10-09 19:30:00,2017-10-09 20:05:00,2017-10-09 18:55:00,2017-10-09 19:05:00,2017-10-09 19:55:00,2017-10-09 19:39:00,2017-10-09 20:40:00,2017-10-09 19:05:00
"283",2017-10-10 20:05:00,2017-10-10 19:00:00,2017-10-10 19:55:00,2017-10-10 18:55:00,2017-10-10 20:05:00,2017-10-10 19:43:00,2017-10-10 20:40:00,2017-10-10 19:15:00
"284",2017-10-11 20:55:00,2017-10-11 18:45:00,2017-10-11 19:55:00,2017-10-11 20:05:00,2017-10-11 20:00:00,2017-10-11 20:04:00,2017-10-11 20:40:00,2017-10-11 19:05:00
"285",2017-10-12 18:50:00,2017-10-12 20:00:00,2017-10-12 17:25:00,2017-10-12 19:00:00,2017-10-12 20:05:00,2017-10-12 19:11:00,2017-10-12 20:40:00,2017-10-12 19:20:00
"286",2017-10-13 19:30:00,2017-10-13 19:30:00,2017-10-13 20:55:00,2017-10-13 19:00:00,2017-10-13 19:50:00,2017-10-13 19:46:00,2017-10-13 19:55:00,2017-10-13 19:45:00
"287",2017-10-14 19:05:00,2017-10-14 20:00:00,2017-10-14 18:55:00,2017-10-14 19:05:00,2017-10-14 20:00:00,2017-10-14 19:33:00,2017-10-14 20:40:00,2017-10-14 18:40:00
"288",2017-10-15 20:00:00,2017-10-15 20:00:00,2017-10-15 20:10:00,2017-10-15 18:50:00,2017-10-15 20:05:00,2017-10-15 19:47:00,2017-10-15 19:55:00,2017-10-15 18:50:00
"289",2017-10-16 18:40:00,2017-10-16 18:50:00,2017-10-16 18:55:00,2017-10-16 18:50:00,2017-10-16 18:50:00,2017-10-16 19:11:00,2017-10-16 20:40:00,2017-10-16 19:35:00
"290",2017-10-17 18:55:00,2017-10-17 18:55:00,2017-10-17 17:55:00,2017-10-17 19:20:00,2017-10-17 20:00:00,2017-10-17 19:09:00,2017-10-17 20:40:00,2017-10-17 18:50:00
"291",2017-10-18 20:20:00,2017-10-18 19:50:00,2017-10-18 21:45:00,2017-10-18 19:00:00,2017-10-18 20:05:00,2017-10-18 20:23:00,2017-10-18 21:00:00,2017-10-18 19:05:00
"292",2017-10-19 19:25:00,2017-10-19 19:20:00,2017-10-19 19:55:00,2017-10-19 19:00:00,2017-10-19 19:55:00,2017-10-19 19:40:00,2017-10-19 20:40:00,2017-10-19 19:20:00
"293",2017-10-20 18:55:00,2017-10-20 19:15:00,2017-10-20 18:55:00,2017-10-20 18:55:00,2017-10-20 18:55:00,2017-10-20 19:20:00,2017-10-20 20:40:00,2017-10-20 18:50:00
"294",2017-10-21 17:55:00,2017-10-21 18:55:00,2017-10-21 19:30:00,2017-10-21 19:00:00,2017-10-21 19:35:00,2017-10-21 19:12:00,2017-10-21 20:40:00,2017-10-21 17:00:00
"295",2017-10-22 19:00:00,2017-10-22 19:00:00,2017-10-22 19:25:00,2017-10-22 18:50:00,2017-10-22 19:35:00,2017-10-22 19:23:00,2017-10-22 20:40:00,2017-10-22 18:20:00
"296",2017-10-23 18:50:00,2017-10-23 18:55:00,2017-10-23 19:20:00,2017-10-23 18:55:00,2017-10-23 19:45:00,2017-10-23 19:20:00,2017-10-23 20:40:00,2017-10-23 19:05:00
"297",2017-10-24 19:00:00,2017-10-24 18:45:00,2017-10-24 18:50:00,2017-10-24 18:50:00,2017-10-24 20:00:00,2017-10-24 19:13:00,2017-10-24 20:40:00,2017-10-24 18:25:00
"298",2017-10-25 19:00:00,2017-10-25 17:55:00,2017-10-25 20:15:00,2017-10-25 18:30:00,2017-10-25 19:55:00,2017-10-25 19:16:00,2017-10-25 20:40:00,2017-10-25 19:15:00
"299",2017-10-26 18:40:00,2017-10-26 19:50:00,2017-10-26 18:15:00,2017-10-26 19:15:00,2017-10-26 20:00:00,2017-10-26 19:20:00,2017-10-26 20:40:00,2017-10-26 19:30:00
"300",2017-10-27 19:00:00,2017-10-27 19:30:00,2017-10-27 19:40:00,2017-10-27 19:30:00,2017-10-27 19:40:00,2017-10-27 19:40:00,2017-10-27 20:40:00,2017-10-27 18:40:00
"301",2017-10-28 17:55:00,2017-10-28 18:55:00,2017-10-28 20:40:00,2017-10-28 17:55:00,2017-10-28 20:05:00,2017-10-28 19:13:00,2017-10-28 20:40:00,2017-10-28 18:05:00
"302",2017-10-29 17:55:00,2017-10-29 19:00:00,2017-10-29 16:55:00,2017-10-29 18:05:00,2017-10-29 19:35:00,2017-10-29 18:31:00,2017-10-29 20:40:00,2017-10-29 18:05:00
"303",2017-10-30 19:00:00,2017-10-30 19:00:00,2017-10-30 18:00:00,2017-10-30 18:35:00,2017-10-30 20:00:00,2017-10-30 19:03:00,2017-10-30 20:40:00,2017-10-30 18:40:00
"304",2017-10-31 18:15:00,2017-10-31 17:40:00,2017-10-31 17:55:00,2017-10-31 18:55:00,2017-10-31 18:55:00,2017-10-31 18:41:00,2017-10-31 20:40:00,2017-10-31 18:35:00
"305",2017-11-01 19:00:00,2017-11-01 18:55:00,2017-11-01 19:00:00,2017-11-01 19:00:00,2017-11-01 19:35:00,2017-11-01 19:19:00,2017-11-01 20:40:00,2017-11-01 19:15:00
"306",2017-11-02 17:50:00,2017-11-02 14:55:00,2017-11-02 20:15:00,2017-11-02 17:55:00,2017-11-02 18:55:00,2017-11-02 18:10:00,2017-11-02 19:55:00,2017-11-02 18:50:00
"307",2017-11-03 17:50:00,2017-11-03 19:00:00,2017-11-03 20:00:00,2017-11-03 18:15:00,2017-11-03 19:45:00,2017-11-03 19:09:00,2017-11-03 20:40:00,2017-11-03 18:35:00
"308",2017-11-04 17:50:00,2017-11-04 18:20:00,2017-11-04 11:55:00,2017-11-04 17:55:00,2017-11-04 20:05:00,2017-11-04 17:20:00,2017-11-04 20:40:00,2017-11-04 16:20:00
"309",2017-11-05 19:10:00,2017-11-05 20:00:00,2017-11-05 17:55:00,2017-11-05 19:00:00,2017-11-05 19:40:00,2017-11-05 19:12:00,2017-11-05 19:55:00,2017-11-05 18:00:00
"310",2017-11-06 18:05:00,2017-11-06 18:55:00,2017-11-06 11:55:00,2017-11-06 18:10:00,2017-11-06 19:35:00,2017-11-06 17:33:00,2017-11-06 20:40:00,2017-11-06 19:05:00
"311",2017-11-07 18:25:00,2017-11-07 17:55:00,2017-11-07 18:00:00,2017-11-07 18:25:00,2017-11-07 20:00:00,2017-11-07 18:41:00,2017-11-07 20:40:00,2017-11-07 19:05:00
"312",2017-11-08 20:05:00,2017-11-08 19:00:00,2017-11-08 12:00:00,2017-11-08 19:05:00,2017-11-08 20:05:00,2017-11-08 18:10:00,2017-11-08 20:40:00,2017-11-08 19:35:00
"313",2017-11-09 17:50:00,2017-11-09 17:55:00,2017-11-09 12:00:00,2017-11-09 20:00:00,2017-11-09 20:05:00,2017-11-09 17:38:00,2017-11-09 20:25:00,2017-11-09 19:15:00
"314",2017-11-10 19:50:00,2017-11-10 21:00:00,2017-11-10 12:00:00,2017-11-10 19:10:00,2017-11-10 20:00:00,2017-11-10 18:32:00,2017-11-10 20:40:00,2017-11-10 17:50:00
"315",2017-11-11 17:45:00,2017-11-11 19:00:00,2017-11-11 12:40:00,2017-11-11 22:00:00,2017-11-11 20:00:00,2017-11-11 18:25:00,2017-11-11 20:40:00,2017-11-11 17:35:00
"316",2017-11-12 17:50:00,2017-11-12 17:55:00,2017-11-12 17:55:00,2017-11-12 17:55:00,2017-11-12 19:30:00,2017-11-12 18:27:00,2017-11-12 20:40:00,2017-11-12 17:45:00
"317",2017-11-13 18:00:00,2017-11-13 18:00:00,2017-11-13 18:55:00,2017-11-13 17:50:00,2017-11-13 19:45:00,2017-11-13 18:45:00,2017-11-13 21:00:00,2017-11-13 19:15:00
"318",2017-11-14 18:30:00,2017-11-14 19:15:00,2017-11-14 20:00:00,2017-11-14 17:45:00,2017-11-14 20:00:00,2017-11-14 19:14:00,2017-11-14 20:40:00,2017-11-14 19:20:00
"319",2017-11-15 19:35:00,2017-11-15 20:00:00,2017-11-15 19:55:00,2017-11-15 20:00:00,2017-11-15 20:10:00,2017-11-15 19:53:00,2017-11-15 19:55:00,2017-11-15 20:05:00
"320",2017-11-16 17:50:00,2017-11-16 19:10:00,2017-11-16 16:50:00,2017-11-16 18:10:00,2017-11-16 19:30:00,2017-11-16 18:32:00,2017-11-16 20:40:00,2017-11-16 19:10:00
"321",2017-11-17 18:05:00,2017-11-17 19:05:00,2017-11-17 18:00:00,2017-11-17 18:00:00,2017-11-17 19:35:00,2017-11-17 18:37:00,2017-11-17 19:55:00,2017-11-17 17:50:00
"322",2017-11-18 19:00:00,2017-11-18 20:00:00,2017-11-18 20:55:00,2017-11-18 19:10:00,2017-11-18 20:00:00,2017-11-18 19:57:00,2017-11-18 20:40:00,2017-11-18 18:20:00
"323",2017-11-19 18:15:00,2017-11-19 11:55:00,2017-11-19 17:55:00,2017-11-19 16:55:00,2017-11-19 20:00:00,2017-11-19 17:08:00,2017-11-19 20:40:00,2017-11-19 17:45:00
"324",2017-11-20 17:40:00,2017-11-20 11:55:00,2017-11-20 16:55:00,2017-11-20 17:50:00,2017-11-20 19:30:00,2017-11-20 16:53:00,2017-11-20 20:05:00,2017-11-20 12:00:00
"325",2017-11-21 17:45:00,2017-11-21 20:05:00,2017-11-21 19:00:00,2017-11-21 19:15:00,2017-11-21 20:00:00,2017-11-21 19:21:00,2017-11-21 20:40:00,2017-11-21 20:25:00
"326",2017-11-22 17:45:00,2017-11-22 17:55:00,2017-11-22 18:50:00,2017-11-22 18:20:00,2017-11-22 19:55:00,2017-11-22 18:42:00,2017-11-22 20:40:00,2017-11-22 19:15:00
"327",2017-11-23 18:00:00,2017-11-23 12:05:00,2017-11-23 18:55:00,2017-11-23 17:45:00,2017-11-23 19:45:00,2017-11-23 17:29:00,2017-11-23 20:40:00,2017-11-23 19:45:00
"328",2017-11-24 11:55:00,2017-11-24 18:00:00,2017-11-24 18:55:00,2017-11-24 18:00:00,2017-11-24 19:45:00,2017-11-24 17:21:00,2017-11-24 19:55:00,2017-11-24 19:45:00
"329",2017-11-25 17:45:00,2017-11-25 17:55:00,2017-11-25 20:00:00,2017-11-25 18:15:00,2017-11-25 19:40:00,2017-11-25 18:55:00,2017-11-25 20:40:00,2017-11-25 17:40:00
"330",2017-11-26 20:05:00,2017-11-26 20:00:00,2017-11-26 19:00:00,2017-11-26 18:00:00,2017-11-26 20:00:00,2017-11-26 19:33:00,2017-11-26 20:40:00,2017-11-26 17:40:00
"331",2017-11-27 18:05:00,2017-11-27 17:55:00,2017-11-27 18:40:00,2017-11-27 18:00:00,2017-11-27 20:00:00,2017-11-27 18:40:00,2017-11-27 20:40:00,2017-11-27 19:25:00
"332",2017-11-28 17:40:00,2017-11-28 19:35:00,2017-11-28 20:55:00,2017-11-28 19:00:00,2017-11-28 19:35:00,2017-11-28 19:25:00,2017-11-28 19:55:00,2017-11-28 19:35:00
"333",2017-11-29 18:05:00,2017-11-29 17:50:00,2017-11-29 19:55:00,2017-11-29 18:10:00,2017-11-29 19:55:00,2017-11-29 18:47:00,2017-11-29 19:55:00,2017-11-29 18:15:00
"334",2017-11-30 18:00:00,2017-11-30 14:35:00,2017-11-30 19:00:00,2017-11-30 19:10:00,2017-11-30 19:45:00,2017-11-30 18:17:00,2017-11-30 20:40:00,2017-11-30 19:05:00
"335",2017-12-01 16:45:00,2017-12-01 16:55:00,2017-12-01 21:20:00,2017-12-01 16:45:00,2017-12-01 18:55:00,2017-12-01 18:17:00,2017-12-01 19:40:00,2017-12-01 16:50:00
"336",2017-12-02 19:00:00,2017-12-02 19:00:00,2017-12-02 20:55:00,2017-12-02 18:00:00,2017-12-02 20:40:00,2017-12-02 19:22:00,2017-12-02 19:55:00,2017-12-02 17:35:00
"337",2017-12-03 19:25:00,2017-12-03 17:55:00,2017-12-03 21:00:00,2017-12-03 18:00:00,2017-12-03 19:45:00,2017-12-03 19:24:00,2017-12-03 20:40:00,2017-12-03 17:25:00
"338",2017-12-04 17:35:00,2017-12-04 17:45:00,2017-12-04 12:00:00,2017-12-04 18:15:00,2017-12-04 18:55:00,2017-12-04 17:15:00,2017-12-04 20:40:00,2017-12-04 19:30:00
"339",2017-12-05 20:00:00,2017-12-05 19:15:00,2017-12-05 20:55:00,2017-12-05 20:00:00,2017-12-05 20:05:00,2017-12-05 20:10:00,2017-12-05 20:40:00,2017-12-05 19:25:00
"340",2017-12-06 19:05:00,2017-12-06 20:00:00,2017-12-06 18:55:00,2017-12-06 19:25:00,2017-12-06 20:00:00,2017-12-06 19:36:00,2017-12-06 20:35:00,2017-12-06 19:25:00
"341",2017-12-07 17:40:00,2017-12-07 19:50:00,2017-12-07 20:35:00,2017-12-07 18:55:00,2017-12-07 19:50:00,2017-12-07 19:32:00,2017-12-07 20:40:00,2017-12-07 20:05:00
"342",2017-12-08 20:50:00,2017-12-08 20:40:00,2017-12-08 16:50:00,2017-12-08 18:00:00,2017-12-08 19:55:00,2017-12-08 19:24:00,2017-12-08 20:40:00,2017-12-08 17:25:00
"343",2017-12-09 16:45:00,2017-12-09 19:55:00,2017-12-09 12:00:00,2017-12-09 19:05:00,2017-12-09 20:05:00,2017-12-09 17:41:00,2017-12-09 20:40:00,2017-12-09 18:10:00
"344",2017-12-10 17:55:00,2017-12-10 18:55:00,2017-12-10 20:00:00,2017-12-10 18:00:00,2017-12-10 19:45:00,2017-12-10 19:06:00,2017-12-10 20:40:00,2017-12-10 17:50:00
"345",2017-12-11 20:00:00,2017-12-11 19:00:00,2017-12-11 11:55:00,2017-12-11 20:00:00,2017-12-11 20:00:00,2017-12-11 18:19:00,2017-12-11 20:40:00,2017-12-11 20:00:00
"346",2017-12-12 17:50:00,2017-12-12 17:55:00,2017-12-12 13:00:00,2017-12-12 17:50:00,2017-12-12 20:05:00,2017-12-12 17:27:00,2017-12-12 20:40:00,2017-12-12 18:00:00
"347",2017-12-13 17:50:00,2017-12-13 18:00:00,2017-12-13 18:55:00,2017-12-13 18:10:00,2017-12-13 20:05:00,2017-12-13 18:43:00,2017-12-13 20:40:00,2017-12-13 19:40:00
"348",2017-12-14 19:30:00,2017-12-14 17:55:00,2017-12-14 18:40:00,2017-12-14 17:55:00,2017-12-14 20:10:00,2017-12-14 18:56:00,2017-12-14 20:40:00,2017-12-14 19:50:00
"349",2017-12-15 17:50:00,2017-12-15 19:35:00,2017-12-15 21:00:00,2017-12-15 17:35:00,2017-12-15 20:00:00,2017-12-15 19:20:00,2017-12-15 20:40:00,2017-12-15 18:20:00
"350",2017-12-16 18:00:00,2017-12-16 17:55:00,2017-12-16 17:35:00,2017-12-16 18:25:00,2017-12-16 20:05:00,2017-12-16 18:31:00,2017-12-16 20:40:00,2017-12-16 17:35:00
"351",2017-12-17 19:40:00,2017-12-17 16:10:00,2017-12-17 20:30:00,2017-12-17 19:10:00,2017-12-17 20:05:00,2017-12-17 19:14:00,2017-12-17 20:40:00,2017-12-17 17:50:00
"352",2017-12-18 17:55:00,2017-12-18 18:05:00,2017-12-18 20:00:00,2017-12-18 17:45:00,2017-12-18 20:05:00,2017-12-18 18:53:00,2017-12-18 20:40:00,2017-12-18 19:50:00
"353",2017-12-19 17:55:00,2017-12-19 17:55:00,2017-12-19 19:00:00,2017-12-19 18:00:00,2017-12-19 20:05:00,2017-12-19 18:42:00,2017-12-19 20:40:00,2017-12-19 19:55:00
"354",2017-12-20 19:10:00,2017-12-20 18:45:00,2017-12-20 18:55:00,2017-12-20 17:50:00,2017-12-20 19:45:00,2017-12-20 19:04:00,2017-12-20 20:40:00,2017-12-20 16:55:00
"355",2017-12-21 18:50:00,2017-12-21 19:40:00,2017-12-21 19:55:00,2017-12-21 19:10:00,2017-12-21 20:35:00,2017-12-21 19:38:00,2017-12-21 20:35:00,2017-12-21 19:40:00
"356",2017-12-22 17:35:00,2017-12-22 19:30:00,2017-12-22 20:35:00,2017-12-22 18:00:00,2017-12-22 20:05:00,2017-12-22 19:07:00,2017-12-22 19:55:00,2017-12-22 20:05:00
"357",2017-12-23 17:50:00,2017-12-23 16:55:00,2017-12-23 20:10:00,2017-12-23 17:45:00,2017-12-23 20:05:00,2017-12-23 18:40:00,2017-12-23 20:40:00,2017-12-23 17:45:00
"358",2017-12-24 17:55:00,2017-12-24 18:50:00,2017-12-24 15:55:00,2017-12-24 17:35:00,2017-12-24 20:00:00,2017-12-24 18:11:00,2017-12-24 20:40:00,2017-12-24 17:45:00
"359",2017-12-25 20:00:00,2017-12-25 20:00:00,2017-12-25 20:45:00,2017-12-25 18:50:00,2017-12-25 20:40:00,2017-12-25 20:03:00,2017-12-25 20:40:00,2017-12-25 17:30:00
"360",2017-12-26 20:20:00,2017-12-26 18:00:00,2017-12-26 19:00:00,2017-12-26 17:35:00,2017-12-26 20:00:00,2017-12-26 19:07:00,2017-12-26 20:40:00,2017-12-26 17:50:00
"361",2017-12-27 19:00:00,2017-12-27 17:55:00,2017-12-27 20:05:00,2017-12-27 18:50:00,2017-12-27 19:55:00,2017-12-27 19:18:00,2017-12-27 20:40:00,2017-12-27 17:45:00
"362",2017-12-28 20:00:00,2017-12-28 16:50:00,2017-12-28 15:00:00,2017-12-28 15:50:00,2017-12-28 20:05:00,2017-12-28 17:40:00,2017-12-28 20:40:00,2017-12-28 17:45:00
"363",2017-12-29 17:45:00,2017-12-29 18:35:00,2017-12-29 12:00:00,2017-12-29 17:50:00,2017-12-29 20:40:00,2017-12-29 17:22:00,2017-12-29 20:40:00,2017-12-29 17:55:00
"364",2017-12-30 19:25:00,2017-12-30 17:50:00,2017-12-30 18:25:00,2017-12-30 17:45:00,2017-12-30 18:25:00,2017-12-30 18:49:00,2017-12-30 20:40:00,2017-12-30 18:05:00
"365",2017-12-31 18:00:00,2017-12-31 17:55:00,2017-12-31 20:10:00,2017-12-31 17:50:00,2017-12-31 20:05:00,2017-12-31 18:55:00,2017-12-31 20:40:00,2017-12-31 18:00:00
